{
  "config": {
    "n_concepts": 1,
    "n_defs": 1,
    "n_rels": 1,
    "model": "google/gemma-3-4b-pt"
  },
  "statistics": {
    "mean_test_acc": 0.8999999761581421,
    "median_test_acc": 0.8999999761581421,
    "std_test_acc": 0.0,
    "min_test_acc": 0.8999999761581421,
    "max_test_acc": 0.8999999761581421,
    "mean_train_acc": 1.0,
    "n_above_80": 1,
    "n_above_90": 0,
    "n_above_95": 0
  },
  "results": [
    {
      "concept": "person",
      "train_acc": 1.0,
      "test_acc": 0.8999999761581421,
      "elapsed_seconds": 13.272910833358765
    }
  ],
  "total_time_seconds": 13.43172574043274,
  "successful_concepts": 1,
  "failed_concepts": 0
}