{
  "dimension": "social_connection",
  "best_test_f1": 0.8461269173756379,
  "graduated": true,
  "total_iterations": 1,
  "final_samples_per_pole": 60,
  "final_metrics": {
    "accuracy": 0.8333333134651184,
    "pole_0_precision": 0.809523809138322,
    "pole_0_recall": 0.8499999995749999,
    "pole_0_f1": 0.8292682872813802,
    "pole_1_precision": 0.8888888885596707,
    "pole_1_recall": 0.8275862066111771,
    "pole_1_f1": 0.8571428518431122,
    "pole_2_precision": 0.7916666663368055,
    "pole_2_recall": 0.8260869561625709,
    "pole_2_f1": 0.8085106329560887,
    "avg_f1": 0.8316405906935271
  },
  "pole_counts": {
    "negative": 120,
    "neutral": 120,
    "positive": 120
  }
}