{
  "dimension": "affective_awareness",
  "best_test_f1": 0.8373160066718849,
  "graduated": true,
  "total_iterations": 3,
  "final_samples_per_pole": 180,
  "final_metrics": {
    "accuracy": 0.8009259104728699,
    "pole_0_precision": 0.743243243142805,
    "pole_0_recall": 0.8461538460236687,
    "pole_0_f1": 0.7913669013819161,
    "pole_1_precision": 0.8983050845935076,
    "pole_1_recall": 0.6973684209608726,
    "pole_1_f1": 0.7851851801481481,
    "pole_2_precision": 0.7831325300261287,
    "pole_2_recall": 0.8666666665511111,
    "pole_2_f1": 0.8227848050352509,
    "avg_f1": 0.7997789621884385
  },
  "pole_counts": {
    "negative": 360,
    "neutral": 360,
    "positive": 360
  }
}