{
  "activation": {
    "samples": 30,
    "iterations": 7,
    "train_f1": 0.8888888888888888,
    "test_f1": 0.98989898989899,
    "overfit_gap": -0.1010101010101011,
    "test_precision": 1.0,
    "test_recall": 0.98,
    "validation": {
      "concept": "social_connection_positive",
      "expected_domain": "Abstract",
      "target_rank": 3,
      "target_logit": 8.304399523206704e-18,
      "avg_other_rank": 5.777777777777778,
      "avg_other_logit": 7.43780792577515e-16,
      "calibration_score": 0.654320987654321,
      "passed": 