{
  "timestamp": "2025-12-02T18:57:35.163183",
  "model": "swiss-ai/Apertus-8B-2509",
  "modes": [
    "standard",
    "sibling",
    "mixed"
  ],
  "lenses": {
    "ACPowerSource_L3": {
      "concept": "ACPowerSource",
      "layer": 3,
      "category": "test",
      "modes": {
        "standard": {
          "training": {
            "train_acc": 1.0,
            "val_acc": 1.0,
            "val_f1": 0.9999999916666666,
            "epochs": 43
          },
          "evaluation": {
            "avg_positive": 0.9999942302703857,
            "avg_sibling": 0.3750031966064853,
            "avg_distant": 4.017648004444584e-10,
            "positive_sibling_gap": 0.6249910336639004,
            "positive_distant_gap": 0.9999942298686209,
            "sibling_distant_gap": 0.3750031962047205,
            "n_positive_samples": 5,
            "n_sibling_samples": 8,
            "n_distant_samples": 10
          }
        },
        "sibling": {
          "training": {
            "train_acc": 1.0,
            "val_acc": 0.8333333730697632,
            "val_f1": 0.0,
            "epochs": 12
          },
          "evaluation": {
            "avg_positive": 0.6559834484942257,
            "avg_sibling": 1.6728527583449021e-09,
            "avg_distant": 0.05315528048668057,
            "positive_sibling_gap": 0.655983446821373,
            "positive_distant_gap": 0.6028281680075451,
            "sibling_distant_gap": -0.05315527881382781,
            "n_positive_samples": 5,
            "n_sibling_samples": 8,
            "n_distant_samples": 10
          }
        },
        "mixed": {
          "training": {
            "train_acc": 1.0,
            "val_acc": 1.0,
            "val_f1": 0.9999999900000001,
            "epochs": 16
          },
          "evaluation": {
            "avg_positive": 0.9256377339363098,
            "avg_sibling": 7.893857008056671e-07,
            "avg_distant": 0.03282851669228951,
            "positive_sibling_gap": 0.925636944550609,
            "positive_distant_gap": 0.8928092172440203,
            "sibling_distant_gap": -0.03282772730658871,
            "n_positive_samples": 5,
            "n_sibling_samples": 8,
            "n_distant_samples": 10
          }
        }
      }
    },
    "Animal_L2": {
      "concept": "Animal",
      "layer": 2,
      "category": "test",
      "modes": {
        "standard": {
          "error": "Concept Animal not found in layer 2"
        },
        "sibling": {
          "error": "Concept Animal not found in layer 2"
        },
        "mixed": {
          "error": "Concept Animal not found in layer 2"
        }
      }
    },
    "AH1_L3": {
      "concept": "AH1",
      "layer": 3,
      "category": "test",
      "modes": {
        "standard": {
          "training": {
            "train_acc": 1.0,
            "val_acc": 1.0,
            "val_f1": 0.0,
            "epochs": 26
          },
          "evaluation": {
            "avg_positive": 1.0,
            "avg_sibling": 0.2991771799147195,
            "avg_distant": 5.633912419576336e-10,
            "positive_sibling_gap": 0.7008228200852805,
            "positive_distant_gap": 0.9999999994366088,
            "sibling_distant_gap": 0.29917717935132826,
            "n_positive_samples": 5,
            "n_sibling_samples": 10,
            "n_distant_samples": 10
          }
        },
        "sibling": {
          "training": {
            "train_acc": 1.0,
            "val_acc": 1.0,
            "val_f1": 0.9999999850000002,
            "epochs": 15
          },
          "evaluation": {
            "avg_positive": 0.984374737739563,
            "avg_sibling": 0.0769190829485795,
            "avg_distant": 0.012424929329290535,
            "positive_sibling_gap": 0.9074556547909834,
            "positive_distant_gap": 0.9719498084102725,
            "sibling_distant_gap": 0.06449415361928897,
            "n_positive_samples": 5,
            "n_sibling_samples": 10,
            "n_distant_samples": 10
          }
        },
        "mixed": {
          "training": {
            "train_acc": 0.9655172228813171,
            "val_acc": 0.75,
            "val_f1": 0.0,
            "epochs": 11
          },
          "evaluation": {
            "avg_positive": 0.504421254992485,
            "avg_sibling": 0.0033238190209883924,
            "avg_distant": 8.31052533181989e-05,
            "positive_sibling_gap": 0.5010974359714966,
            "positive_distant_gap": 0.5043381497391668,
            "sibling_distant_gap": 0.0032407137676701936,
            "n_positive_samples": 5,
            "n_sibling_samples": 10,
            "n_distant_samples": 10
          }
        }
      }
    },
    "AIAlignmentProcess_L2": {
      "concept": "AIAlignmentProcess",
      "layer": 2,
      "category": "test",
      "modes": {
        "standard": {
          "training": {
            "train_acc": 1.0,
            "val_acc": 1.0,
            "val_f1": 0.9999999925,
            "epochs": 47
          },
          "evaluation": {
            "avg_positive": 1.0,
            "avg_sibling": 1.735818668747192e-07,
            "avg_distant": 0.06978775488392196,
            "positive_sibling_gap": 0.9999998264181331,
            "positive_distant_gap": 0.930212245116078,
            "sibling_distant_gap": -0.06978758130205508,
            "n_positive_samples": 5,
            "n_sibling_samples": 9,
            "n_distant_samples": 10
          }
        },
        "sibling": {
          "training": {
            "train_acc": 1.0,
            "val_acc": 0.8888888955116272,
            "val_f1": 0.799999992,
            "epochs": 14
          },
          "evaluation": {
            "avg_positive": 0.7997919470188208,
            "avg_sibling": 1.7322849256176357e-05,
            "avg_distant": 0.006873026235246016,
            "positive_sibling_gap": 0.7997746241695647,
            "positive_distant_gap": 0.7929189207835748,
            "sibling_distant_gap": -0.00685570338598984,
            "n_positive_samples": 5,
            "n_sibling_samples": 9,
            "n_distant_samples": 10
          }
        },
        "mixed": {
          "training": {
            "train_acc": 1.0,
            "val_acc": 0.8888888955116272,
            "val_f1": 0.8571428497959185,
            "epochs": 12
          },
          "evaluation": {
            "avg_positive": 1.0,
            "avg_sibling": 0.0007873761567563796,
            "avg_distant": 0.3201730073662475,
            "positive_sibling_gap": 0.9992126238432436,
            "positive_distant_gap": 0.6798269926337526,
            "sibling_distant_gap": -0.3193856312094911,
            "n_positive_samples": 5,
            "n_sibling_samples": 9,
            "n_distant_samples": 10
          }
        }
      }
    },
    "AlignmentProcess_L1": {
      "concept": "AlignmentProcess",
      "layer": 1,
      "category": "test",
      "modes": {
        "standard": {
          "training": {
            "train_acc": 1.0,
            "val_acc": 0.875,
            "val_f1": 0.0,
            "epochs": 12
          },
          "evaluation": {
            "avg_positive": 0.8000000042228688,
            "avg_sibling": 0.29999454993454105,
            "avg_distant": 1.5776467713256413e-05,
            "positive_sibling_gap": 0.5000054542883277,
            "positive_distant_gap": 0.7999842277551555,
            "sibling_distant_gap": 0.2999787734668278,
            "n_positive_samples": 5,
            "n_sibling_samples": 10,
            "n_distant_samples": 10
          }
        },
        "sibling": {
          "training": {
            "train_acc": 0.9655172228813171,
            "val_acc": 0.875,
            "val_f1": 0.0,
            "epochs": 11
          },
          "evaluation": {
            "avg_positive": 0.7935572504997254,
            "avg_sibling": 0.026786002096295697,
            "avg_distant": 0.03383233159547672,
            "positive_sibling_gap": 0.7667712484034297,