{
  "dimension": "aspiration/social_mobility",
  "best_test_f1": 0.8337419828733839,
  "graduated": true,
  "total_iterations": 1,
  "final_samples_per_pole": 60,
  "final_metrics": {
    "accuracy": 0.8333333134651184,
    "pole_0_precision": 0.8461538458284024,
    "pole_0_recall": 0.879999999648,
    "pole_0_f1": 0.8627450927028067,
    "pole_1_precision": 0.879999999648,
    "pole_1_recall": 0.7857142854336735,
    "pole_1_f1": 0.8301886739480243,
    "pole_2_precision": 0.7619047615419501,
    "pole_2_recall": 0.8421052627146814,
    "pole_2_f1": 0.7999999946125,
    "avg_f1": 0.8309779204211104
  },
  "pole_counts": {
    "negative": 120,
    "neutral": 120,
    "positive": 120
  }
}