{
  "lens_pack": "gemma-3-4b-pt_sumo-wordnet-v2",
  "model": "google/gemma-3-4b-pt",
  "timestamp": "20251119_211837",
  "total_lenses": 5,
  "categories": {
    "well_calibrated": 4,
    "marginal": 1
  },
  "results": {
    "Physical_L0": {
      "concept": "Physical",
      "layer": 0,
      "category": "well_calibrated",
      "metrics": {
        "tp_rate": 0.625,
        "fp_rate": 0.0,
        "fn_rate": 0.375,
        "precision": 1.0,
        "recall": 0.625,
        "f1": 0.7692307692307693,
        "avg_positive_score": 0.6000009815434169,
        "avg_negative_score": 0.00042339900119259255,
        "avg_irrelevant_score": 0.00042339900119259255,
        "single_term_score": 1.0,
        "positive_scores": [
          1.0,
          0.9999986886978149,
          0.9997329115867615,
          0.6710883975028992,
          0.000414522917708382,
          0.03452828526496887,
          0.42988935112953186,
          0.6643556952476501
        ],
        "negative_scores": [
          0.0008369427523575723,
          9.855250027612783e-06
        ],
        "irrelevant_scores": [
          0.0008369427523575723,
          9.855250027612783e-06
        ]
      }
    },
    "SetOrClass_L0": {
      "concept": "SetOrClass",
      "layer": 0,
      "category": "well_calibrated",
      "metrics": {
        "tp_rate": 1.0,
        "fp_rate": 0.0,
        "fn_rate": 0.0,
        "precision": 1.0,
        "recall": 1.0,
        "f1": 1.0,
        "avg_positive_score": 0.9997022946675619,
        "avg_negative_score": 5.824187572519198e-06,
        "avg_irrelevant_score": 5.824187572519198e-06,
        "single_term_score": 0.9999997615814209,
        "positive_scores": [
          0.9999996423721313,
          0.9999533891677856,
          0.9991538524627686
        ],
        "negative_scores": [
          2.5731094410730293e-07,
          1.631704617466312e-05,
          8.982055987871718e-07
        ],
        "irrelevant_scores": [
          2.5731094410730293e-07,
          1.631704617466312e-05,
          8.982055987871718e-07
        ]
      }
    },
    "Quantity_L0": {
      "concept": "Quantity",
      "layer": 0,
      "category": "marginal",
      "metrics": {
        "tp_rate": 0.5,
        "fp_rate": 0.0,
        "fn_rate": 0.5,
        "precision": 1.0,
        "recall": 0.5,
        "f1": 0.6666666666666666,
        "avg_positive_score": 0.5040265255229315,
        "avg_negative_score": 0.0010068788833450526,
        "avg_irrelevant_score": 0.0010068788833450526,
        "single_term_score": 0.9999959468841553,
        "positive_scores": [
          0.9999815225601196,
          0.9998811483383179,
          0.9999982118606567,
          0.02466379851102829,
          0.0028741497080773115,
          0.0006343257846310735,
          0.9993546605110168,
          0.004824386909604073
        ],
        "negative_scores": [
          0.0007006406667642295,
          0.0013131170999258757
        ],
        "irrelevant_scores": [
          0.0013131170999258757,
          0.0007006406667642295
        ]
      }
    },
    "PhysicalSystem_L0": {
      "concept": "PhysicalSystem",
      "layer": 0,
      "category": "well_calibrated",
      "metrics": {
        "tp_rate": 1.0,
        "fp_rate": 0.0,
        "fn_rate": 0.0,
        "precision": 1.0,
        "recall": 1.0,
        "f1": 1.0,
        "avg_positive_score": 0.9999994039535522,
        "avg_negative_score": 5.06857458522821e-05,
        "avg_irrelevant_score": 5.06857458522821e-05,
        "single_term_score": 0.9999998807907104,
        "positive_scores": [
          0.9999997615814209,
          0.9999997615814209,
          0.9999986886978149
        ],
        "negative_scores": [
          0.00015031736984383315,
          4.1532248928888293e-07,
          1.3245452237242716e-06
        ],
        "irrelevant_scores": [
          0.00015031736984383315,
          1.3245452237242716e-06,
          4.1532248928888293e-07
        ]
      }
    },
    "Proposition_L0": {
      "concept": "Proposition",
      "layer": 0,
      "category": "well_calibrated",
      "metrics": {
        "tp_rate": 1.0,
        "fp_rate": 0.5,
        "fn_rate": 0.0,
        "precision": 0.8,
        "recall": 1.0,
        "f1": 0.888888888888889,
        "avg_positive_score": 0.9850726574659348,
        "avg_negative_score": 0.46325105405412614,
        "avg_irrelevant_score": 0.46325105405412614,
        "single_term_score": 0.9999490976333618,
        "positive_scores": [
          0.9996159076690674,
          0.9999815225601196,
          0.9996193647384644,
          0.96174156665802,
          0.9917370676994324,
          0.9747807383537292,
          0.9604439735412598,
          0.9926611185073853
        ],
        "negative_scores": [
          0.0004169340245425701,
          0.9260851740837097
        ],
        "irrelevant_scores": [
          0.0004169340245425701,
          0.9260851740837097
        ]
      }
    }
  }
}