{
  "activation": {
    "samples": 30,
    "iterations": 25,
    "train_f1": 1.0,
    "test_f1": 0.9591836734693877,
    "overfit_gap": 0.04081632653061229,
    "test_precision": 0.9791666666666666,
    "test_recall": 0.94,
    "validation": {
      "concept": "taste_development_negative",
      "expected_domain": "Abstract",
      "target_rank": 4,
      "target_logit": 3.5361455430482636e-10,
      "avg_other_rank": 5.666666666666667,
      "avg_other_logit": 1.9787796872649204e-09,
      "calibration_score": 0.5925925925925927,
      "passed": false,
      "all_results": {
        "Physical": {
          "logit": 1.6187567245638129e-16,
          "rank": 10
        },
        "Quantity": {
          "logit": 1.3002594660693756e-11,
          "rank": 6
        },
        "Proposition": {
          "logit": 1.0118040980793344e-13,
          "rank": 8
        },
        "Entity": {
          "logit": 4.570518963298298e-11,
          "rank": 5
        },
        "Process": {
          "logit": 4.1064878277333183e-13,
          "rank": 7
        },
        "Object": {
          "logit": 9.088595986916914e-10,
          "rank": 3
        },
        "Attribute": {
          "logit": 3.245595348033703e-09,
          "rank": 2
        },
        "Relation": {
          "logit": 1.3595288450574117e-08,
          "rank": 1
        },
        "Collection": {
          "logit": 5.401272284251066e-14,
          "rank": 9
        },
        "Abstract": {
          "logit": 3.5361455430482636e-10,
          "rank": 4
        }
      },
      "validation_mode": "falloff",
      "validation_tier": "strict",
      "iteration": 25,
      "quality_grade": "A"
    }
  },
  "text": null,
  "total_iterations": 25,
  "total_time": 6.302505970001221
}