{
  "dimension": "threat_perception",
  "best_test_f1": 0.7395464638428549,
  "graduated": true,
  "total_iterations": 2,
  "final_samples_per_pole": 120,
  "final_metrics": {
    "accuracy": 0.7291666865348816,
    "pole_0_precision": 0.6071428570344388,
    "pole_0_recall": 0.8292682924806662,
    "pole_0_f1": 0.7010309228100755,
    "pole_1_precision": 0.8913043476323251,
    "pole_1_recall": 0.6507936506903502,
    "pole_1_f1": 0.7522935729652388,
    "pole_2_precision": 0.7142857141156462,
    "pole_2_recall": 0.7499999998125,
    "pole_2_f1": 0.73170731189768,
    "avg_f1": 0.7283439358909981
  },
  "pole_counts": {
    "negative": 240,
    "neutral": 240,
    "positive": 240
  }
}