{
  "common_direction_stats": {
    "0": {
      "shape": [
        128,
        4096
      ],
      "norm": 3.655677318572998,
      "mean": -1.5311710740206763e-05,
      "std": 0.005048742983490229
    },
    "1": {
      "shape": [
        128,
        4096
      ],
      "norm": 0.8429816961288452,
      "mean": -9.078219591174275e-06,
      "std": 0.001164185581728816
    },
    "2": {
      "shape": [
        128,
        4096
      ],
      "norm": 0.6863738894462585,
      "mean": -9.496731763647404e-06,
      "std": 0.000947884633205831
    },
    "3": {
      "shape": [
        128,
        4096
      ],
      "norm": 0.6892936825752258,
      "mean": -1.0239532457489986e-05,
      "std": 0.0009519100422039628
    },
    "4": {
      "shape": [
        128,
        4096
      ],
      "norm": 0.8386361598968506,
      "mean": -3.3578799047973007e-06,
      "std": 0.0011582121951505542
    }
  },
  "lens_counts": {
    "0": 10,
    "1": 257,
    "2": 1093,
    "3": 1027,
    "4": 3271
  },
  "debiasing_strengths": [
    0.1,
    0.25,
    0.5,
    0.75,
    1.0
  ]
}