{
  "config": {
    "model": "google/gemma-3-4b-pt",
    "concepts": [
      "person",
      "change",
      "animal",
      "object",
      "action"
    ],
    "removal_methods": [
      "none",
      "mean_subtraction",
      "pca_1",
      "pca_5",
      "pca_10"
    ],
    "n_samples_per_method": 105
  },
  "comparison": {
    "none": {
      "working_range": [
        -0.25,
        0.0
      ],
      "max_working_strength": 0.25,
      "coherence_by_strength": {
        "-0.5": 0.4666666666666667,
        "-0.25": 0.9333333333333333,
        "0.0": 0.9333333333333333,
        "0.25": 0.8,
        "0.5": 0.6
      },
      "delta_by_strength": {
        "-0.5": {
          "mean": 0.1668288697799047,
          "std": 0.20391078535036006
        },
        "-0.25": {
          "mean": 0.26503042777379354,
          "std": 0.20655903261380515
        },
        "0.0": {
          "mean": 0.31618237843116126,
          "std": 0.15564263933462075
        },
        "0.25": {
          "mean": 0.16329690739512442,
          "std": 0.16229189695385818
        },
        "0.5": {
          "mean": 0.10736816301941872,
          "std": 0.1722782370740909
        }
      }
    },
    "mean_subtraction": {
      "working_range": [
        -0.5,
        -0.25,
        0.0,
        0.25,
        0.5
      ],
      "max_working_strength": 0.5,
      "coherence_by_strength": {
        "-0.5": 0.8666666666666667,
        "-0.25": 0.8666666666666667,
        "0.0": 1.0,
        "0.25": 0.8666666666666667,
        "0.5": 1.0
      },
      "delta_by_strength": {
        "-0.5": {
          "mean": 0.35527653445800145,
          "std": 0.125700141617217
        },
        "-0.25": {
          "mean": 0.23835525736212732,
          "std": 0.19652491447797268
        },
        "0.0": {
          "mean": 0.27329184114933014,
          "std": 0.16895826900531674
        },
        "0.25": {
          "mean": 0.2263263940811157,
          "std": 0.1261434821962432
        },
        "0.5": {
          "mean": 0.20078824249406654,
          "std": 0.1378768688027148
        }
      }
    },
    "pca_1": {
      "working_range": [
        -0.25,
        0.25,
        0.5
      ],
      "max_working_strength": 0.5,
      "coherence_by_strength": {
        "-0.5": 0.7333333333333333,
        "-0.25": 0.9333333333333333,
        "0.0": 0.6666666666666666,
        "0.25": 0.8666666666666667,
        "0.5": 0.9333333333333333
      },
      "delta_by_strength": {
        "-0.5": {
          "mean": 0.2720307469367981,
          "std": 0.1998138348828263
        },
        "-0.25": {
          "mean": 0.3071967360874017,
          "std": 0.1929080941149176
        },
        "0.0": {
          "mean": 0.24047303075591722,
          "std": 0.15882474651443074
        },
        "0.25": {
          "mean": 0.22989333408574264,
          "std": 0.1965202720220775
        },
        "0.5": {
          "mean": 0.23302320512011648,
          "std": 0.22335568061516153
        }
      }
    },
    "pca_5": {
      "working_range": [
        -0.5,
        -0.25,
        0.0,
        0.25,
        0.5
      ],
      "max_working_strength": 0.5,
      "coherence_by_strength": {
        "-0.5": 0.9333333333333333,
        "-0.25": 1.0,
        "0.0": 1.0,
        "0.25": 1.0,
        "0.5": 0.8666666666666667
      },
      "delta_by_strength": {
        "-0.5": {
          "mean": 0.22894674986600877,
          "std": 0.19915951158973894
        },
        "-0.25": {
          "mean": 0.27515567565957705,
          "std": 0.19193776159259937
        },
        "0.0": {
          "mean": 0.22646689886848131,
          "std": 0.12702730744119417
        },
        "0.25": {
          "mean": 0.20063954492410024,
          "std": 0.14505749723321712
        },
        "0.5": {
          "mean": 0.33762406557798386,
          "std": 0.14498661726812034
        }
      }
    },
    "pca_10": {
      "working_range": [
        -0.5,
        -0.25,
        0.25,
        0.5
      ],
      "max_working_strength": 0.5,
      "coherence_by_strength": {
        "-0.5": 0.9333333333333333,
        "-0.25": 0.9333333333333333,
        "0.0": 0.7333333333333333,
        "0.25": 0.9333333333333333,
        "0.5": 0.9333333333333333
      },
      "delta_by_strength": {
        "-0.5": {
          "mean": 0.35240407337745033,
          "std": 0.14181072427597877
        },
        "-0.25": {
          "mean": 0.2990355963508288,
          "std": 0.20405513886328155
        },
        "0.0": {
          "mean": 0.204113798464338,
          "std": 0.1530221053433948
        },
        "0.25": {
          "mean": 0.1289309447010358,
          "std": 0.12114018867387033
        },
        "0.5": {
          "mean": 0.2127050676693519,
          "std": 0.15156953247413354
        }
      }
    }
  }
}