{
  "dimension": "hedonic_arousal_intensity",
  "best_test_f1": 0.8604407720603957,
  "graduated": true,
  "total_iterations": 1,
  "final_samples_per_pole": 60,
  "final_metrics": {
    "accuracy": 0.819444477558136,
    "pole_0_precision": 0.7499999997321428,
    "pole_0_recall": 0.9130434778638941,
    "pole_0_f1": 0.8235294064898117,
    "pole_1_precision": 0.809523809138322,
    "pole_1_recall": 0.7391304344612476,
    "pole_1_f1": 0.7727272673863637,
    "pole_2_precision": 0.9130434778638941,
    "pole_2_recall": 0.8076923073816568,
    "pole_2_f1": 0.8571428518117451,
    "avg_f1": 0.8177998418959734
  },
  "pole_counts": {
    "negative": 120,
    "neutral": 120,
    "positive": 120
  }
}