{
  "DomesticCat": {
    "metrics": {
      "train_f1": 0.6666666666666666,
      "test_f1": 0.6666666666666666,
      "train_precision": 0.5,
      "test_precision": 0.5,
      "train_recall": 1.0,
      "test_recall": 1.0
    },
    "layer_importance": [
      0.028774086385965347,
      0.028921831399202347,
      0.029046131297945976,
      0.029126949608325958,
      0.029219668358564377,
      0.029266146942973137,
      0.02931852638721466,
      0.029354272410273552,
      0.029383227229118347,
      0.02942473627626896,
      0.029441632330417633,
      0.029444996267557144,
      0.029459290206432343,
      0.029473664239048958,
      0.029468921944499016,
      0.029506085440516472,
      0.02950768545269966,
      0.029521500691771507,
      0.029516886919736862,
      0.029519038274884224,
      0.029522456228733063,
      0.02954486757516861,
      0.02954048104584217,
      0.029541684314608574,
      0.029539981856942177,
      0.029548058286309242,
      0.029566565528512,
      0.02954433485865593,
      0.029550805687904358,
      0.02955740876495838,
      0.029559079557657242,
      0.0295607578009367,
      0.02955707162618637,
      0.029171172529459
    ],
    "top_layers": [
      26,
      31,
      30,
      29,
      32
    ]
  },
  "Algorithm": {
    "metrics": {
      "train_f1": 0.6666666666666666,
      "test_f1": 0.6666666666666666,
      "train_precision": 0.5,
      "test_precision": 0.5,
      "train_recall": 1.0,
      "test_recall": 1.0
    },
    "layer_importance": [
      0.02915700525045395,
      0.02919093705713749,
      0.02923225425183773,
      0.02927488088607788,
      0.029307767748832703,
      0.029320040717720985,
      0.029360773041844368,
      0.029361559078097343,
      0.029400231316685677,
      0.02939535118639469,
      0.029417991638183594,
      0.029421640560030937,
      0.029422113671898842,
      0.029424600303173065,
      0.02943868562579155,
      0.029443832114338875,
      0.029448440298438072,
      0.029462411999702454,
      0.029460445046424866,
      0.029475731775164604,
      0.02947109378874302,
      0.02947315201163292,
      0.029473163187503815,
      0.029489509761333466,
      0.029481148347258568,
      0.029489271342754364,
      0.029495855793356895,
      0.029482707381248474,
      0.029489774256944656,
      0.029490651562809944,
      0.029495930299162865,
      0.029499992728233337,
      0.02948995865881443,
      0.029261020943522453
    ],
    "top_layers": [
      31,
      30,
      26,
      29,
      32
    ]
  }
}