{
  "definitional": {
    "n_samples": 15,
    "unique_concepts_all_timesteps": 50,
    "unique_concepts_final_only": 25,
    "top_concepts_all_timesteps": [
      [
        "Deception",
        24.066666666666666
      ],
      [
        "Concealing",
        23.533333333333335
      ],
      [
        "TellingALie",
        16.333333333333332
      ],
      [
        "SubjectiveWeakPositiveAttribute",
        8.8
      ],
      [
        "Predicting",
        8.066666666666666
      ],
      [
        "Death",
        6.333333333333333
      ],
      [
        "Apologizing",
        5.2
      ],
      [
        "Human_Other",
        5.133333333333334
      ],
      [
        "DefensiveManeuver",
        5.0
      ],
      [
        "Game",
        3.6
      ],
      [
        "Protecting",
        3.2
      ],
      [
        "PowerSource",
        3.2
      ],
      [
        "Capturing",
        3.1333333333333333
      ],
      [
        "Killing",
        3.0
      ],
      [
        "Supposition",
        2.6666666666666665
      ],
      [
        "Strangling",
        2.1333333333333333
      ],
      [
        "Suffocating",
        2.1333333333333333
      ],
      [
        "Removing",
        1.9333333333333333
      ],
      [
        "Suicide",
        1.9333333333333333
      ],
      [
        "PassCertificate",
        1.8
      ]
    ],
    "top_concepts_final_only": [
      [
        "Deception",
        0.8
      ],
      [
        "Concealing",
        0.8
      ],
      [
        "TellingALie",
        0.6
      ],
      [
        "Predicting",
        0.4666666666666667
      ],
      [
        "Apologizing",
        0.3333333333333333
      ],
      [
        "Protecting",
        0.2
      ],
      [
        "Death",
        0.2
      ],
      [
        "Human_Other",
        0.13333333333333333
      ],
      [
        "Removing",
        0.13333333333333333
      ],
      [
        "SubjectiveWeakPositiveAttribute",
        0.13333333333333333
      ],
      [
        "LivestockPen",
        0.13333333333333333
      ],
      [
        "Supposition",
        0.13333333333333333
      ],
      [
        "Starving",
        0.13333333333333333
      ],
      [
        "Capturing",
        0.06666666666666667
      ],
      [
        "PassCertificate",
        0.06666666666666667
      ],
      [
        "Sweeping",
        0.06666666666666667
      ],
      [
        "Uncovering",
        0.06666666666666667
      ],
      [
        "DefensiveManeuver",
        0.06666666666666667
      ],
      [
        "Suffocating",
        0.06666666666666667
      ],
      [
        "Hijacking",
        0.06666666666666667
      ]
    ]
  },
  "behavioral_neutral": {
    "n_samples": 15,
    "unique_concepts_all_timesteps": 43,
    "unique_concepts_final_only": 25,
    "top_concepts_all_timesteps": [
      [
        "Deception",
        25.0
      ],
      [
        "Concealing",
        24.333333333333332
      ],
      [
        "TellingALie",
        12.933333333333334
      ],
      [
        "Predicting",
        12.133333333333333
      ],
      [
        "SubjectiveWeakPositiveAttribute",
        10.733333333333333
      ],
      [
        "Capturing",
        7.733333333333333
      ],
      [
        "Game",
        5.6
      ],
      [
        "DefensiveManeuver",
        4.866666666666666
      ],
      [
        "PowerSource",
        4.4
      ],
      [
        "Protecting",
        3.8
      ],
      [
        "Removing",
        3.6666666666666665
      ],
      [
        "Apologizing",
        3.466666666666667
      ],
      [
        "TakingIll",
        2.466666666666667
      ],
      [
        "Human_Other",
        2.4
      ],
      [
        "Death",
        2.3333333333333335
      ],
      [
        "LivestockPen",
        2.2666666666666666
      ],
      [
        "Supposition",
        2.2666666666666666
      ],
      [
        "Killing",
        1.6666666666666667
      ],
      [
        "SubjectiveWeakNegativeAttribute",
        1.5333333333333334
      ],
      [
        "VideoGame",
        1.4666666666666666
      ]
    ],
    "top_concepts_final_only": [
      [
        "Deception",
        0.8
      ],
      [
        "Concealing",
        0.6
      ],
      [
        "SubjectiveWeakPositiveAttribute",
        0.4
      ],
      [
        "Predicting",
        0.3333333333333333
      ],
      [
        "TellingALie",
        0.26666666666666666
      ],
      [
        "Removing",
        0.2
      ],
      [
        "Protecting",
        0.2
      ],
      [
        "DefensiveManeuver",
        0.2
      ],
      [
        "LivestockPen",
        0.13333333333333333
      ],
      [
        "Human_Other",
        0.13333333333333333
      ],
      [
        "RemovingClothing",
        0.13333333333333333
      ],
      [
        "Death",
        0.13333333333333333
      ],
      [
        "Strangling",
        0.13333333333333333
      ],
      [
        "PowerSource",
        0.13333333333333333
      ],
      [
        "Suicide",
        0.13333333333333333
      ],
      [
        "Capturing",
        0.06666666666666667
      ],
      [
        "Starving",
        0.06666666666666667
      ],
      [
        "Uncovering",
        0.06666666666666667
      ],
      [
        "Hanging",
        0.06666666666666667
      ],
      [
        "Injuring",
        0.06666666666666667
      ]
    ]
  },
  "behavioral_prosocial": {
    "n_samples": 15,
    "unique_concepts_all_timesteps": 34,
    "unique_concepts_final_only": 15,
    "top_concepts_all_timesteps": [
      [
        "Predicting",
        24.4
      ],
      [
        "Deception",
        23.466666666666665
      ],
      [
        "Game",
        13.266666666666667
      ],
      [
        "Concealing",
        12.6
      ],
      [
        "Protecting",
        8.933333333333334
      ],
      [
        "Human_Other",
        7.266666666666667
      ],
      [
        "LivestockPen",
        6.133333333333334
      ],
      [
        "DefensiveManeuver",
        5.8
      ],
      [
        "Capturing",
        5.8
      ],
      [
        "Uncovering",
        5.066666666666666
      ],
      [
        "Hijacking",
        2.0
      ],
      [
        "TellingALie",
        1.8
      ],
      [
        "VideoGame",
        1.4
      ],
      [
        "Racing",
        1.2666666666666666
      ],
      [
        "RemovingClothing",
        1.2
      ],
      [
        "SubjectiveWeakPositiveAttribute",
        1.1333333333333333
      ],
      [
        "TakingIll",
        1.0
      ],
      [
        "Apologizing",
        0.9333333333333333
      ],
      [
        "Suicide",
        0.6666666666666666
      ],
      [
        "SubjectiveWeakNegativeAttribute",
        0.5333333333333333
      ]
    ],
    "top_concepts_final_only": [
      [
        "Deception",
        0.6666666666666666
      ],
      [
        "Predicting",
        0.6
      ],
      [
        "Concealing",
        0.4666666666666667
      ],
      [
        "Protecting",
        0.4
      ],
      [
        "Game",
        0.4
      ],
      [
        "Capturing",
        0.26666666666666666
      ],
      [
        "DefensiveManeuver",
        0.2
      ],
      [
        "SubjectiveWeakPositiveAttribute",
        0.13333333333333333
      ],
      [
        "Apologizing",
        0.13333333333333333
      ],
      [
        "LivestockPen",
        0.13333333333333333
      ],
      [
        "KnifeAttack",
        0.06666666666666667
      ],
      [
        "TellingALie",
        0.06666666666666667
      ],
      [
        "VideoGame",
        0.06666666666666667
      ],
      [
        "Racing",
        0.06666666666666667
      ],
      [
        "Birth",
        0.06666666666666667
      ]
    ]
  },
  "behavioral_antisocial": {
    "n_samples": 15,
    "unique_concepts_all_timesteps": 37,
    "unique_concepts_final_only": 19,