{
  "definitional": {
    "n_samples": 15,
    "unique_concepts_all_timesteps": 42,
    "unique_concepts_final_only": 24,
    "top_concepts_all_timesteps": [
      [
        "Concealing",
        17.8
      ],
      [
        "Deception",
        16.8
      ],
      [
        "PowerSource",
        13.133333333333333
      ],
      [
        "Capturing",
        12.6
      ],
      [
        "Removing",
        10.733333333333333
      ],
      [
        "Human_Other",
        8.4
      ],
      [
        "Predicting",
        8.4
      ],
      [
        "Sweeping",
        5.2
      ],
      [
        "Strangling",
        4.6
      ],
      [
        "SubjectiveWeakPositiveAttribute",
        3.933333333333333
      ],
      [
        "TellingALie",
        3.8
      ],
      [
        "RemovingClothing",
        3.6
      ],
      [
        "Game",
        3.1333333333333333
      ],
      [
        "DefensiveManeuver",
        3.0
      ],
      [
        "Hijacking",
        2.8666666666666667
      ],
      [
        "Death",
        2.8
      ],
      [
        "Protecting",
        2.6
      ],
      [
        "Supposition",
        2.2
      ],
      [
        "LivestockPen",
        1.5333333333333334
      ],
      [
        "Suicide",
        1.5333333333333334
      ]
    ],
    "top_concepts_final_only": [
      [
        "Concealing",
        0.4666666666666667
      ],
      [
        "Human_Other",
        0.4666666666666667
      ],
      [
        "Predicting",
        0.4666666666666667
      ],
      [
        "Deception",
        0.4
      ],
      [
        "Capturing",
        0.3333333333333333
      ],
      [
        "PowerSource",
        0.26666666666666666
      ],
      [
        "Uncovering",
        0.26666666666666666
      ],
      [
        "Protecting",
        0.2
      ],
      [
        "Execution",
        0.2
      ],
      [
        "Removing",
        0.2
      ],
      [
        "SubjectiveWeakNegativeAttribute",
        0.13333333333333333
      ],
      [
        "Game",
        0.13333333333333333
      ],
      [
        "TellingALie",
        0.13333333333333333
      ],
      [
        "Death",
        0.13333333333333333
      ],
      [
        "SubjectiveWeakPositiveAttribute",
        0.13333333333333333
      ],
      [
        "Sweeping",
        0.13333333333333333
      ],
      [
        "Supposition",
        0.13333333333333333
      ],
      [
        "Strangling",
        0.13333333333333333
      ],
      [
        "Urination",
        0.06666666666666667
      ],
      [
        "RemovingClothing",
        0.06666666666666667
      ]
    ]
  },
  "behavioral_neutral": {
    "n_samples": 15,
    "unique_concepts_all_timesteps": 35,
    "unique_concepts_final_only": 26,
    "top_concepts_all_timesteps": [
      [
        "Concealing",
        17.533333333333335
      ],
      [
        "Capturing",
        15.733333333333333
      ],
      [
        "Deception",
        15.066666666666666
      ],
      [
        "PowerSource",
        14.666666666666666
      ],
      [
        "Predicting",
        10.933333333333334
      ],
      [
        "Human_Other",
        9.066666666666666
      ],
      [
        "Game",
        7.533333333333333
      ],
      [
        "Removing",
        6.533333333333333
      ],
      [
        "Hanging",
        5.466666666666667
      ],
      [
        "SubjectiveWeakNegativeAttribute",
        5.333333333333333
      ],
      [
        "TellingALie",
        4.933333333333334
      ],
      [
        "SubjectiveWeakPositiveAttribute",
        4.2
      ],
      [
        "LivestockPen",
        3.466666666666667
      ],
      [
        "RemovingClothing",
        2.7333333333333334
      ],
      [
        "Execution",
        2.7333333333333334
      ],
      [
        "Strangling",
        2.7333333333333334
      ],
      [
        "Death",
        2.7333333333333334
      ],
      [
        "DefensiveManeuver",
        2.2
      ],
      [
        "Sweeping",
        2.066666666666667
      ],
      [
        "Uncovering",
        2.0
      ]
    ],
    "top_concepts_final_only": [
      [
        "Concealing",
        0.6
      ],
      [
        "Deception",
        0.4666666666666667
      ],
      [
        "Predicting",
        0.4666666666666667
      ],
      [
        "PowerSource",
        0.3333333333333333
      ],
      [
        "Capturing",
        0.26666666666666666
      ],
      [
        "Removing",
        0.26666666666666666
      ],
      [
        "TellingALie",
        0.26666666666666666
      ],
      [
        "Execution",
        0.2
      ],
      [
        "Hanging",
        0.2
      ],
      [
        "DefensiveManeuver",
        0.2
      ],
      [
        "Strangling",
        0.2
      ],
      [
        "SubjectiveWeakNegativeAttribute",
        0.13333333333333333
      ],
      [
        "SubjectiveWeakPositiveAttribute",
        0.13333333333333333
      ],
      [
        "Supposition",
        0.13333333333333333
      ],
      [
        "Death",
        0.13333333333333333
      ],
      [
        "Protecting",
        0.13333333333333333
      ],
      [
        "AnimalDoll",
        0.13333333333333333
      ],
      [
        "Game",
        0.06666666666666667
      ],
      [
        "Uncovering",
        0.06666666666666667
      ],
      [
        "RemovingClothing",
        0.06666666666666667
      ]
    ]
  },
  "behavioral_prosocial": {
    "n_samples": 15,
    "unique_concepts_all_timesteps": 36,
    "unique_concepts_final_only": 21,
    "top_concepts_all_timesteps": [
      [
        "Predicting",
        22.6
      ],
      [
        "Deception",
        19.666666666666668
      ],
      [
        "Game",
        13.266666666666667
      ],
      [
        "Human_Other",
        11.266666666666667
      ],
      [
        "Concealing",
        9.533333333333333
      ],
      [
        "Capturing",
        8.333333333333334
      ],
      [
        "Protecting",
        7.133333333333334
      ],
      [
        "LivestockPen",
        6.533333333333333
      ],
      [
        "Uncovering",
        5.8
      ],
      [
        "RemovingClothing",
        3.533333333333333
      ],
      [
        "DefensiveManeuver",
        3.533333333333333
      ],
      [
        "Removing",
        2.4
      ],
      [
        "Racing",
        2.3333333333333335
      ],
      [
        "PowerSource",
        1.8666666666666667
      ],
      [
        "Death",
        1.6
      ],
      [
        "TellingALie",
        1.2666666666666666
      ],
      [
        "Apologizing",
        1.2666666666666666
      ],
      [
        "Hijacking",
        1.2666666666666666
      ],
      [
        "Killing",
        1.2
      ],
      [
        "Suicide",
        1.0666666666666667
      ]
    ],