{
  "definitional": {
    "n_samples": 15,
    "unique_concepts_all_timesteps": 40,
    "unique_concepts_final_only": 24,
    "top_concepts_all_timesteps": [
      [
        "Predicting",
        21.266666666666666
      ],
      [
        "Deception",
        20.466666666666665
      ],
      [
        "SubjectiveWeakPositiveAttribute",
        13.733333333333333
      ],
      [
        "Human_Other",
        10.8
      ],
      [
        "Apologizing",
        8.666666666666666
      ],
      [
        "PowerSource",
        8.266666666666667
      ],
      [
        "Concealing",
        8.266666666666667
      ],
      [
        "TellingALie",
        7.466666666666667
      ],
      [
        "Supposition",
        6.933333333333334
      ],
      [
        "Suicide",
        3.533333333333333
      ],
      [
        "Capturing",
        3.466666666666667
      ],
      [
        "DefensiveManeuver",
        3.0
      ],
      [
        "Suffocating",
        2.7333333333333334
      ],
      [
        "Death",
        2.6
      ],
      [
        "Removing",
        2.3333333333333335
      ],
      [
        "Killing",
        2.1333333333333333
      ],
      [
        "Game",
        1.6666666666666667
      ],
      [
        "Protecting",
        1.6666666666666667
      ],
      [
        "Starving",
        1.6666666666666667
      ],
      [
        "Sweeping",
        1.4666666666666666
      ]
    ],
    "top_concepts_final_only": [
      [
        "Predicting",
        0.5333333333333333
      ],
      [
        "Deception",
        0.5333333333333333
      ],
      [
        "TellingALie",
        0.4
      ],
      [
        "SubjectiveWeakPositiveAttribute",
        0.3333333333333333
      ],
      [
        "Human_Other",
        0.3333333333333333
      ],
      [
        "Supposition",
        0.3333333333333333
      ],
      [
        "Suffocating",
        0.26666666666666666
      ],
      [
        "Killing",
        0.2
      ],
      [
        "Game",
        0.2
      ],
      [
        "Death",
        0.2
      ],
      [
        "Concealing",
        0.13333333333333333
      ],
      [
        "Apologizing",
        0.13333333333333333
      ],
      [
        "Protecting",
        0.13333333333333333
      ],
      [
        "Aborting",
        0.13333333333333333
      ],
      [
        "Strangling",
        0.13333333333333333
      ],
      [
        "SubjectiveWeakNegativeAttribute",
        0.13333333333333333
      ],
      [
        "Hanging",
        0.06666666666666667
      ],
      [
        "PowerSource",
        0.06666666666666667
      ],
      [
        "DefensiveManeuver",
        0.06666666666666667
      ],
      [
        "Sweeping",
        0.06666666666666667
      ]
    ]
  },
  "behavioral_neutral": {
    "n_samples": 15,
    "unique_concepts_all_timesteps": 41,
    "unique_concepts_final_only": 23,
    "top_concepts_all_timesteps": [
      [
        "Predicting",
        22.666666666666668
      ],
      [
        "Deception",
        19.4
      ],
      [
        "SubjectiveWeakPositiveAttribute",
        18.933333333333334
      ],
      [
        "PowerSource",
        12.333333333333334
      ],
      [
        "Apologizing",
        9.4
      ],
      [
        "Concealing",
        9.333333333333334
      ],
      [
        "Human_Other",
        6.533333333333333
      ],
      [
        "Capturing",
        6.466666666666667
      ],
      [
        "Game",
        4.866666666666666
      ],
      [
        "TellingALie",
        4.733333333333333
      ],
      [
        "Supposition",
        4.533333333333333
      ],
      [
        "Protecting",
        3.2
      ],
      [
        "Suicide",
        2.933333333333333
      ],
      [
        "SubjectiveWeakNegativeAttribute",
        2.2
      ],
      [
        "Killing",
        1.8666666666666667
      ],
      [
        "LivestockPen",
        1.8
      ],
      [
        "DefensiveManeuver",
        1.7333333333333334
      ],
      [
        "RemovingClothing",
        1.4
      ],
      [
        "Death",
        1.2666666666666666
      ],
      [
        "Hijacking",
        1.2
      ]
    ],
    "top_concepts_final_only": [
      [
        "Deception",
        0.6666666666666666
      ],
      [
        "Predicting",
        0.6666666666666666
      ],
      [
        "Supposition",
        0.4
      ],
      [
        "SubjectiveWeakPositiveAttribute",
        0.3333333333333333
      ],
      [
        "Human_Other",
        0.3333333333333333
      ],
      [
        "Apologizing",
        0.3333333333333333
      ],
      [
        "PowerSource",
        0.2
      ],
      [
        "Game",
        0.2
      ],
      [
        "Suicide",
        0.13333333333333333
      ],
      [
        "KnifeAttack",
        0.13333333333333333
      ],
      [
        "Death",
        0.13333333333333333
      ],
      [
        "Protecting",
        0.13333333333333333
      ],
      [
        "Racing",
        0.06666666666666667
      ],
      [
        "DefensiveManeuver",
        0.06666666666666667
      ],
      [
        "TakingIll",
        0.06666666666666667
      ],
      [
        "SubjectiveWeakNegativeAttribute",
        0.06666666666666667
      ],
      [
        "LivestockPen",
        0.06666666666666667
      ],
      [
        "Concealing",
        0.06666666666666667
      ],
      [
        "TellingALie",
        0.06666666666666667
      ],
      [
        "Killing",
        0.06666666666666667
      ]
    ]
  },
  "behavioral_prosocial": {
    "n_samples": 15,
    "unique_concepts_all_timesteps": 39,
    "unique_concepts_final_only": 22,
    "top_concepts_all_timesteps": [
      [
        "Predicting",
        26.066666666666666
      ],
      [
        "Deception",
        19.333333333333332
      ],
      [
        "Human_Other",
        11.6
      ],
      [
        "Game",
        9.466666666666667
      ],
      [
        "Concealing",
        8.4
      ],
      [
        "LivestockPen",
        7.533333333333333
      ],
      [
        "Protecting",
        5.533333333333333
      ],
      [
        "Capturing",
        4.933333333333334
      ],
      [
        "Apologizing",
        3.6
      ],
      [
        "Uncovering",
        3.6
      ],
      [
        "SubjectiveWeakPositiveAttribute",
        3.1333333333333333
      ],
      [
        "DefensiveManeuver",
        2.8
      ],
      [
        "Suicide",
        2.7333333333333334
      ],
      [
        "Racing",
        2.533333333333333
      ],
      [
        "Killing",
        2.4
      ],
      [
        "RemovingClothing",
        2.0
      ],
      [
        "Hijacking",
        1.8666666666666667
      ],
      [
        "KnifeAttack",
        1.8666666666666667
      ],
      [
        "Death",
        1.6
      ],
      [
        "TellingALie",
        1.4
      ]
    ],