{
  "activation": {
    "samples": 30,
    "iterations": 5,
    "train_f1": 0.967741935483871,
    "test_f1": 0.9607843137254902,
    "overfit_gap": 0.006957621758380772,
    "test_precision": 0.9423076923076923,
    "test_recall": 0.98,
    "validation": {
      "concept": "affective_awareness_negative",
      "expected_domain": "Abstract",
      "target_rank": 1,
      "target_logit": 1.3891228434204095e-07,
      "avg_other_rank": 6.0,
      "avg_other_logit": 1.1643450307184653e-10,
      "calibration_score": 0.7777777777777778,
      "passed": 