{
  "activation": {
    "samples": 30,
    "iterations": 7,
    "train_f1": 1.0,
    "test_f1": 0.9514563106796117,
    "overfit_gap": 0.04854368932038833,
    "test_precision": 0.9245283018867925,
    "test_recall": 0.98,
    "validation": {
      "concept": "relational_love_negative",
      "expected_domain": "Relation",
      "target_rank": 3,
      "target_logit": 5.080414848634973e-05,
      "avg_other_rank": 5.777777777777778,
      "avg_other_logit": 0.013536836654878304,
      "calibration_score": 0.654320987654321,
      "passed": 