{
  "model_name": "google/gemma-3-4b-pt",
  "concepts": [
    "person",
    "change",
    "animal",
    "object",
    "action"
  ],
  "test_prompts": [
    "Tell me about",
    "Let me explain",
    "Consider the following:",
    "In my opinion,",
    "The main thing is"
  ],
  "test_strengths": [
    -1.0,
    -0.5,
    -0.25,
    0.0,
    0.25,
    0.5,
    1.0
  ],
  "scales": [
    {
      "n_samples": 2,
      "n_defs_per_concept": 1,
      "n_rels_per_concept": 1,
      "f1_score": 0.48677821144152306,
      "spearman_rho": 0.0,
      "pearson_r": -0.07306777887579366,
      "coherence_rate": 0.9047619047619048,
      "se_score": -0.03305447139619237,
      "delta_slope": -2.4726632030090614e-18,
      "delta_values": [
        0.025002196431159973,
        0.02607104182243347,
        0.03686724603176117,
        0.025002196431159973,
        0.02607104182243347,
        0.03686724603176117,
        0.025002196431159973,
        0.02607104182243347,
        0.03686724603176117,
        0.030679605901241302,
        0.03884069621562958,
        0.027947023510932922,
        0.025002196431159973,
        0.02607104182243347,
        0.03686724603176117,
        0.025002196431159973,
        0.02607104182243347,
        0.03686724603176117,
        0.025002196431159973,
        0.02607104182243347,
        0.03686724603176117
      ],
      "train_time_seconds": 10.475315570831299,
      "train_vram_gb": 17.227769344,
      "sample_outputs": {
        "person": [
          "Tell me about your experience with the 2018 Toyota Camry.\n\nI have a 2018 Camry SE. I love it. It's a",
          "Let me explain.\n\nI have a 2005 335i with 100k miles. I have had the car for 3 years and have put 20k",
          "Consider the following:\n\n<code>class A {\n    public:\n        A() {\n            std::cout << \"A()\" <<",
          "Tell me about your experience with the 2018 Toyota Camry.\n\nI have a 2018 Camry SE. I love it. It's a",
          "Let me explain.\n\nI have a 2005 335i with 100k miles. I have had the car for 3 years and have put 20k",
          "Consider the following:\n\n<code>class A {\n    public:\n        A() {\n            std::cout << \"A()\" <<",
          "Tell me about your experience with the 2018 Toyota Camry.\n\nI have a 2018 Camry SE. I love it. It's a",
          "Let me explain.\n\nI have a 2005 335i with 100k miles. I have had the car for 3 years and have put 20k",
          "Consider the following:\n\n<code>class A {\n    public:\n        A() {\n            std::cout << \"A()\" <<",
          "Tell me about your first day in kindergarten!\n\nA lot of memories came back to me as I recalled mine."
        ],
        "change": [],
        "animal": [],
        "object": [],
        "action": []
      }
    },
    {
      "n_samples": 4,
      "n_defs_per_concept": 2,
      "n_rels_per_concept": 2,
      "f1_score": 0.46414821611211315,
      "spearman_rho": 0.0,
      "pearson_r": -0.19812827938042743,
      "coherence_rate": 0.9047619047619048,
      "se_score": -0.08962945971971717,
      "delta_slope": -2.4726632030090614e-18,
      "delta_values": [
        0.025002196431159973,
        0.02607104182243347,
        0.03686724603176117,
        0.025002196431159973,
        0.02607104182243347,
        0.03686724603176117,
        0.025002196431159973,
        0.02607104182243347,
        0.03686724603176117,
        0.027888551354408264,
        0.043584562838077545,
        0.05326106399297714,
        0.025002196431159973,
        0.02607104182243347,
        0.03686724603176117,
        0.025002196431159973,
        0.02607104182243347,
        0.03686724603176117,
        0.025002196431159973,
        0.02607104182243347,
        0.03686724603176117
      ],
      "train_time_seconds": 17.442573070526123,
      "train_vram_gb": 17.227769344,
      "sample_outputs": {
        "person": [
          "Tell me about your experience with the 2018 Toyota Camry.\n\nI have a 2018 Camry SE. I love it. It's a",
          "Let me explain.\n\nI have a 2005 335i with 100k miles. I have had the car for 3 years and have put 20k",
          "Consider the following:\n\n<code>class A {\n    public:\n        A() {\n            std::cout << \"A()\" <<",
          "Tell me about your experience with the 2018 Toyota Camry.\n\nI have a 2018 Camry SE. I love it. It's a",
          "Let me explain.\n\nI have a 2005 335i with 100k miles. I have had the car for 3 years and have put 20k",
          "Consider the following:\n\n<code>class A {\n    public:\n        A() {\n            std::cout << \"A()\" <<",
          "Tell me about your experience with the 2018 Toyota Camry.\n\nI have a 2018 Camry SE. I love it. It's a",
          "Let me explain.\n\nI have a 2005 335i with 100k miles. I have had the car for 3 years and have put 20k",
          "Consider the following:\n\n<code>class A {\n    public:\n        A() {\n            std::cout << \"A()\" <<",
          "Tell me about yourself!\n\nI can tell, you want to be like this one!I'm not that old.\n\nI like dogs\n\nI "
        ],
        "change": [],
        "animal": [],
        "object": [],
        "action": []
      }
    },
    {
      "n_samples": 8,
      "n_defs_per_concept": 4,
      "n_rels_per_concept": 4,
      "f1_score": 0.47500085210960885,
      "spearman_rho": 0.048212604221418466,
      "pearson_r": -0.17320834367337432,
      "coherence_rate": 1.0,
      "se_score": -0.06249786972597793,
      "delta_slope": 0.00042956026773603907,
      "delta_values": [
        0.02034240961074829,
        0.02607104182243347,
        0.03469562530517578,
        0.025002196431159973,
        0.02607104182243347,
        0.03686724603176117,
        0.025002196431159973,
        0.02607104182243347,
        0.03686724603176117,
        0.025188684463500977,
        0.03458374738693237,
        0.05597738176584244,
        0.025002196431159973,
        0.02607104182243347,
        0.03686724603176117,
        0.025002196431159973,
        0.02607104182243347,
        0.03686724603176117,
        0.02155357599258423,
        0.02607104182243347,
        0.03686724603176117
      ],
      "train_time_seconds": 32.53850269317627,
      "train_vram_gb": 17.227769344,
      "sample_outputs": {
        "person": [
          "Tell me about your experience with the 2016 Toyota Camry Hybrid.\n\nI have a 2016 Toyota Camry Hybrid.",
          "Let me explain.\n\nI have a 2005 335i with 100k miles. I have had the car for 3 years and have put 20k",
          "Consider the following:\n\n<code>class A {\n    public:\n        A() {\n            std::cout << \"A::A()\"",
          "Tell me about your experience with the 2018 Toyota Camry.\n\nI have a 2018 Camry SE. I love it. It's a",
          "Let me explain.\n\nI have a 2005 335i with 100k miles. I have had the car for 3 years and have put 20k",
          "Consider the following:\n\n<code>class A {\n    public:\n        A() {\n            std::cout << \"A()\" <<",
          "Tell me about your experience with the 2018 Toyota Camry.\n\nI have a 2018 Camry SE. I love it. It's a",
          "Let me explain.\n\nI have a 2005 335i with 100k miles. I have had the car for 3 years and have put 20k",
          "Consider the following:\n\n<code>class A {\n    public:\n        A() {\n            std::cout << \"A()\" <<",
          "Tell me about your journey towards your art career. How was it then? How is it today? Do you have so"
        ],
        "change": [],
        "animal": [],
        "object": [],
        "action": []
      }
    },
    {
      "n_samples": 16,
      "n_defs_per_concept": 8,
      "n_rels_per_concept": 8,
      "f1_score": 0.4566390368684675,
      "spearman_rho": 0.048212604221418466,
      "pearson_r": -0.2650174198790809,
      "coherence_rate": 1.0,
      "se_score": -0.10840240782883122,
      "delta_slope": 0.00042956026773603907,