{
  "taste_development": {
    "neg_pos_similarity": 0.9999553561210632,
    "neg_neu_similarity": 0.9999738335609436,
    "neu_pos_similarity": 0.9999821782112122,
    "neg_to_neu_magnitude": 134.7926483154297,
    "neg_to_pos_magnitude": 315.9266357421875
  },
  "motivational_regulation": {
    "neg_pos_similarity": 0.9999351501464844,
    "neg_neu_similarity": 0.999966561794281,
    "neu_pos_similarity": 0.9999793767929077,
    "neg_to_neu_magnitude": 454.5926208496094,
    "neg_to_pos_magnitude": 930.221435546875
  },
  "social_evaluation": {
    "neg_pos_similarity": 0.9999278783798218,
    "neg_neu_similarity": 0.9999579191207886,
    "neu_pos_similarity": 0.9999666213989258,
    "neg_to_neu_magnitude": 399.4347229003906,
    "neg_to_pos_magnitude": 777.7159423828125
  },
  "temporal_affective_valence": {
    "neg_pos_similarity": 0.9999520182609558,
    "neg_neu_similarity": 0.9999731183052063,
    "neu_pos_similarity": 0.9999589920043945,
    "neg_to_neu_magnitude": 149.63064575195312,
    "neg_to_pos_magnitude": 309.59405517578125
  },
  "relational_love": {
    "neg_pos_similarity": 0.9999290108680725,
    "neg_neu_similarity": 0.99992835521698,
    "neu_pos_similarity": 0.9999682903289795,
    "neg_to_neu_magnitude": 234.26072692871094,
    "neg_to_pos_magnitude": 310.0993957519531
  },
  "relational_attachment": {
    "neg_pos_similarity": 0.9999532699584961,
    "neg_neu_similarity": 0.9999648332595825,
    "neu_pos_similarity": 0.9999578595161438,
    "neg_to_neu_magnitude": 166.27423095703125,
    "neg_to_pos_magnitude": 290.3572998046875
  },
  "social_orientation": {
    "neg_pos_similarity": 0.9999362826347351,
    "neg_neu_similarity": 0.9999488592147827,
    "neu_pos_similarity": 0.9999629855155945,
    "neg_to_neu_magnitude": 414.4909973144531,
    "neg_to_pos_magnitude": 618.565673828125
  },
  "threat_perception": {
    "neg_pos_similarity": 0.9999586343765259,
    "neg_neu_similarity": 0.9999586939811707,
    "neu_pos_similarity": 0.9999763369560242,
    "neg_to_neu_magnitude": 160.4530487060547,
    "neg_to_pos_magnitude": 317.2131042480469
  },
  "affective_coherence": {
    "neg_pos_similarity": 0.9999593496322632,
    "neg_neu_similarity": 0.999968409538269,
    "neu_pos_similarity": 0.9999815225601196,
    "neg_to_neu_magnitude": 192.74664306640625,
    "neg_to_pos_magnitude": 190.55715942382812
  },
  "affective_awareness": {
    "neg_pos_similarity": 0.99986732006073,
    "neg_neu_similarity": 0.9999580979347229,
    "neu_pos_similarity": 0.9999580979347229,
    "neg_to_neu_magnitude": 461.5362854003906,
    "neg_to_pos_magnitude": 690.8179931640625
  },
  "hedonic_arousal_intensity": {
    "neg_pos_similarity": 0.9998828172683716,
    "neg_neu_similarity": 0.9998936653137207,
    "neu_pos_similarity": 0.9999770522117615,
    "neg_to_neu_magnitude": 251.63018798828125,
    "neg_to_pos_magnitude": 266.61920166015625
  },
  "social_connection": {
    "neg_pos_similarity": 0.9999568462371826,
    "neg_neu_similarity": 0.9999564290046692,
    "neu_pos_similarity": 0.9999656677246094,
    "neg_to_neu_magnitude": 171.64678955078125,
    "neg_to_pos_magnitude": 257.18402099609375
  }
}