{
  "refined_groups": [
    "Abstract",
    "CognitiveAgent",
    "Artifact",
    "Organism",
    "Object",
    "Attribute",
    "IntentionalProcess",
    "Process",
    "Device",
    "AutonomousAgent"
  ],
  "version": "1.0",
  "group_stats": {
    "Abstract": {
      "siblings": [
        "AbstractEntity",
        "Concept",
        "Proposition",
        "Quantity",
        "Relation",
        "SetOrClass"
      ],
      "pre_accuracy": 0.48333333333333334,
      "post_accuracy": 0.9222222222222223,
      "improvement": 0.43888888888888894,
      "epochs": 20,
      "time": 17.459561586380005
    },
    "CognitiveAgent": {
      "siblings": [
        "Agent",
        "ArtificialAgent"
      ],
      "pre_accuracy": 0.7833333333333333,
      "post_accuracy": 0.95,
      "improvement": 0.16666666666666663,
      "epochs": 20,
      "time": 5.137231349945068
    },
    "Artifact": {
      "siblings": [
        "AIArtifact",
        "ArtWork",
        "Device",
        "Text"
      ],
      "pre_accuracy": 0.7333333333333333,
      "post_accuracy": 0.9666666666666667,
      "improvement": 0.2333333333333334,
      "epochs": 20,
      "time": 10.230117082595825
    },
    "Organism": {
      "siblings": [
        "Animal",
        "Plant"
      ],
      "pre_accuracy": 0.9,
      "post_accuracy": 1.0,
      "improvement": 0.09999999999999998,
      "epochs": 20,
      "time": 5.193968772888184
    },
    "Object": {
      "siblings": [
        "Artifact",
        "AutonomousAgent",
        "Region"
      ],
      "pre_accuracy": 0.7555555555555555,
      "post_accuracy": 0.9555555555555556,
      "improvement": 0.20000000000000007,
      "epochs": 20,
      "time": 7.705652236938477
    },
    "Attribute": {
      "siblings": [
        "AttackPattern",
        "InternalAttribute",
        "PhysicalQuantity",
        "RelationalAttribute"
      ],
      "pre_accuracy": 0.625,
      "post_accuracy": 0.9666666666666667,
      "improvement": 0.3416666666666667,
      "epochs": 20,
      "time": 10.55097222328186
    },
    "IntentionalProcess": {
      "siblings": [
        "CognitiveProcess",
        "SocialInteraction"
      ],
      "pre_accuracy": 0.8666666666666667,
      "post_accuracy": 0.9666666666666667,
      "improvement": 0.09999999999999998,
      "epochs": 20,
      "time": 5.2869873046875
    },
    "Process": {
      "siblings": [
        "CyberOperation",
        "IntentionalProcess",
        "Motion"
      ],
      "pre_accuracy": 0.8,
      "post_accuracy": 0.9888888888888889,
      "improvement": 0.18888888888888888,
      "epochs": 20,
      "time": 7.7586891651153564
    },
    "Device": {
      "siblings": [
        "Machine",
        "Weapon"
      ],
      "pre_accuracy": 0.8666666666666667,
      "post_accuracy": 0.9833333333333333,
      "improvement": 0.11666666666666659,
      "epochs": 20,
      "time": 5.04837441444397
    },
    "AutonomousAgent": {
      "siblings": [
        "Organism",
        "Organization"
      ],
      "pre_accuracy": 0.8,
      "post_accuracy": 0.9166666666666666,
      "improvement": 0.11666666666666659,
      "epochs": 20,
      "time": 5.127584934234619
    }
  }
}