{
  "concept": "speaker",
  "original_test_acc": 1.0,
  "detection": {
    "mean_confidence": 0.8905943870544434,
    "std_confidence": 0.2001046021396367,
    "min_confidence": 0.4908134341239929,
    "max_confidence": 0.9996064305305481
  },
  "steering": {
    "results": [
      {
        "prompt": "Tell me about speaker.",
        "strengths": {
          "-1.0": {
            "text": "1, 2, 1, 2, 1, 2, 1, 2, 1, 2,",
            "length": 10,
            "concept_mentions": 0,
            "word_mentions": {
              "speaker": 0
            }
          },
          "-0.5": {
            "text": "1. 1. 2. 3. 4. 5. 6. 7. 8. 9.",
            "length": 10,
            "concept_mentions": 0,
            "word_mentions": {
              "speaker": 0
            }
          },
          "0.0": {
            "text": "Tell me about your job and what you do\n\nWhy do you want to work here?\n\nWhy are you interested in this field?\n\nHow",
            "length": 24,
            "concept_mentions": 0,
            "word_mentions": {
              "speaker": 0
            }
          },
          "0.5": {
            "text": "py\u3055\u3093\u306e\u56de\u7b54\u304c\u6c17\u306b\u5165\u3089\u306a\u304b\u3063\u305f\u306e\u3067\u3001\u56de\u7b54\u3092\u53c2\u8003\u306b\u3057\u3066\u66f8\u304d\u76f4\u3057\u3066\u307f\u307e\u3057\u305f\u3002\n\u30a8\u30e9\u30fc\u304c\u51fa\u3066\u304b\u3089\u6c17\u3065\u3044\u305f\u306e\u3067\u3059\u304c\u3001\u5909\u6570\u540d\u304c\u300cprint\u300d",
            "length": 2,
            "concept_mentions": 0,
            "word_mentions": {
              "speaker": 0
            }
          },
          "1.0": {
            "text": "php\u6587\u4ef6\u91cc\u7684\u5185\u5bb9\u8bf7\u6559\u4e00\u4e0b\u65b0\u624b\u8001\u5e08\u4eec\u8bf7\u5404\u4f4d\u8001\u5e08\u5e2e\u5e2e\u5fd9\u3002\u611f\u8c22\u5404\u4f4d\u8001\u5e08\u4e86\u3002\u8c22\u8c22\u8001\u5e08\u3002\u8bf7\u95ee\u8001\u5e08\u4eec\u5982\u4f55\u67e5\u770b",
            "length": 1,
            "concept_mentions": 0,
            "word_mentions": {
              "speaker": 0
            }
          }
        }
      },
      {
        "prompt": "I'm interested in learning about speaker.",
        "strengths": {
          "-1.0": {
            "text": "- 2- or 4- 1/2 ( 1 1/2 or 1 1/4 1",
            "length": 12,
            "concept_mentions": 0,
            "word_mentions": {
              "speaker": 0
            }
          },
          "-0.5": {
            "text": "I want to know the <em><strong>1. </strong> <strong> </strong> <strong> </strong> <strong> </strong> <strong> </strong> <strong>",
            "length": 16,
            "concept_mentions": 0,
            "word_mentions": {
              "speaker": 0
            }
          },
          "0.0": {
            "text": "I've read books and listened to many speaker's presentation, but I'm not sure if there is anything more I can do to improve",
            "length": 23,
            "concept_mentions": 1,
            "word_mentions": {
              "speaker": 1
            }
          },
          "0.5": {
            "text": "yaml files since yaml is a new language to me. However, yaml files seem undocumented, even within documentation websites. Does anyone know of places where yaml",
            "length": 26,
            "concept_mentions": 0,
            "word_mentions": {
              "speaker": 0
            }
          },
          "1.0": {
            "text": "configurator plugin yaml config file configs documentation yaml configs yaml docs yaml configs yaml docs yaml configs yaml docs yaml configs yaml docs yaml configs yaml docs yaml configs",
            "length": 29,
            "concept_mentions": 0,
            "word_mentions": {
              "speaker": 0
            }
          }
        }
      },
      {
        "prompt": "The most important thing to know about speaker is",
        "strengths": {
          "-1.0": {
            "text": "1.",
            "length": 1,
            "concept_mentions": 0,
            "word_mentions": {
              "speaker": 0
            }
          },
          "-0.5": {
            "text": "the power, and the 2.1 1200W 12-inch 1100W 12-",
            "length": 9,
            "concept_mentions": 0,
            "word_mentions": {
              "speaker": 0
            }
          },
          "0.0": {
            "text": ", I don't want a portable Bluetooth speaker, and I don't want a home theater. I want something that does both. I do",
            "length": 23,
            "concept_mentions": 1,
            "word_mentions": {
              "speaker": 1
            }
          },
          "0.5": {
            "text": "there are FIVE TYPES OF SPEAKERS THEY ARE COLLISIONLESS SPEAKER COLLISIONLESS SPEAKER COLLISIONLESS SPEAKER COLLISIONLESS SPEAKER COLLISIONLESS SPEAKER COLL",
            "length": 19,
            "concept_mentions": 6,
            "word_mentions": {
              "speaker": 6
            }
          },
          "1.0": {
            "text": "\u0111enje iskustva iskustva iskustva iskustva iskustva iskustva iskustva iskustva iskustva iskustva iskustva iskustva iskustva iskustva iskust",
            "length": 16,
            "concept_mentions": 0,
            "word_mentions": {
              "speaker": 0
            }
          }
        }
      }
    ]
  },
  "elapsed_seconds": 17.14127516746521
}