{
  "concept": "monetary unit",
  "original_test_acc": 1.0,
  "detection": {
    "mean_confidence": 0.9990861058235169,
    "std_confidence": 0.0009183042282274562,
    "min_confidence": 0.9972673654556274,
    "max_confidence": 0.9997428059577942
  },
  "steering": {
    "results": [
      {
        "prompt": "Tell me about monetary unit.",
        "strengths": {
          "-1.0": {
            "text": "-",
            "length": 1,
            "concept_mentions": 0,
            "word_mentions": {
              "unit": 0,
              "monetary": 0
            }
          },
          "-0.5": {
            "text": "What is the monetary unit in the 1, 2, 3, 4, 5, 6, 7,",
            "length": 14,
            "concept_mentions": 1,
            "word_mentions": {
              "unit": 1,
              "monetary": 1
            }
          },
          "0.0": {
            "text": "What is the monetary unit of India?\n\nWhat is the name of the monetary unit of India?\n\nWhat is the monetary unit of France?",
            "length": 24,
            "concept_mentions": 3,
            "word_mentions": {
              "unit": 3,
              "monetary": 3
            }
          },
          "0.5": {
            "text": "Yeah, dude! You know you gotta watch your carbs?! Yeah! Dude! Dude! Dude! Dude! Dude! Dude! Dude! Dude!",
            "length": 18,
            "concept_mentions": 0,
            "word_mentions": {
              "unit": 0,
              "monetary": 0
            }
          },
          "1.0": {
            "text": "Okay \u0441\u043f\u0430\u0441\u0438\u0431\u043e \u0431\u043e\u043b\u044c\u0448\u043e\u0435 \u0441\u043f\u0430\u0441\u0438\u0431\u043e \u0431\u043e\u043b\u044c\u0448\u043e\u0435 \u0431\u043e\u043b\u044c\u0448\u043e\u0435 \u0431\u043e\u043b\u044c\u0448\u043e\u0435 \u0441\u043f\u0430\u0441\u0438\u0431\u043e \u0431\u043e\u043b\u044c\u0448\u043e\u0435 \u0441\u043f\u0430\u0441\u0438\u0431\u043e \u0431\u043e\u043b\u044c\u0448\u043e\u0435 \u0441\u043f\u0430\u0441\u0438\u0431\u043e \u0431\u043e\u043b\u044c\u0448\u043e\u0435 \u0441\u043f\u0430\u0441\u0438\u0431\u043e \u0431\u043e\u043b\u044c\u0448\u043e\u0435 \u0441\u043f\u0430\u0441\u0438\u0431\u043e \u0431\u043e\u043b\u044c\u0448\u043e\u0435 \u0441\u043f\u0430\u0441\u0438\u0431\u043e \u0431\u043e\u043b\u044c\u0448\u043e\u0435 \u0441\u043f\u0430\u0441\u0438\u0431\u043e \u0431\u043e\u043b\u044c\u0448\u043e\u0435 \u0441\u043f\u0430\u0441\u0438\u0431\u043e \u0431\u043e\u043b\u044c\u0448\u043e\u0435 \u0441\u043f\u0430\u0441\u0438\u0431\u043e \u0431\u043e\u043b\u044c\u0448\u043e\u0435 \u0441\u043f\u0430\u0441\u0438\u0431\u043e \u0431\u043e\u043b\u044c\u0448\u043e\u0435 \u0441\u043f\u0430\u0441\u0438\u0431\u043e \u0431\u043e\u043b\u044c\u0448\u043e\u0435 \u0441\u043f\u0430\u0441\u0438\u0431\u043e",
            "length": 30,
            "concept_mentions": 0,
            "word_mentions": {
              "unit": 0,
              "monetary": 0
            }
          }
        }
      },
      {
        "prompt": "I'm interested in learning about monetary unit.",
        "strengths": {
          "-1.0": {
            "text": "I'm a 12-13 year old 2-3 level 1-2.\n\nI'm a 1",
            "length": 11,
            "concept_mentions": 0,
            "word_mentions": {
              "unit": 0,
              "monetary": 0
            }
          },
          "-0.5": {
            "text": "The 1942 1/2 cent coin is a <b>.5 cent</b> <b>coin. </b>\n\nThe",
            "length": 12,
            "concept_mentions": 0,
            "word_mentions": {
              "unit": 0,
              "monetary": 0
            }
          },
          "0.0": {
            "text": "I'm a little confused about what it is exactly.\n\nI've read that monetary unit is a measure of the size of the economy.",
            "length": 23,
            "concept_mentions": 1,
            "word_mentions": {
              "unit": 1,
              "monetary": 1
            }
          },
          "0.5": {
            "text": "Perhaps someone can provide me some clues? Thanks in advance.\n\n\nThere are lots of sites dedicated to discussing cryptocurrency currencies. Perhaps you can get started with",
            "length": 26,
            "concept_mentions": 0,
            "word_mentions": {
              "unit": 0,
              "monetary": 0
            }
          },
          "1.0": {
            "text": "Especially gostaria aprender aprender aprendendo aprender aprender aprender aprender aprender aprender aprender aprender aprender aprender aprender aprender aprender aprender aprender aprender aprender aprender aprender aprender aprender aprender aprender aprender",
            "length": 29,
            "concept_mentions": 0,
            "word_mentions": {
              "unit": 0,
              "monetary": 0
            }
          }
        }
      },
      {
        "prompt": "The most important thing to know about monetary unit is",
        "strengths": {
          "-1.0": {
            "text": "<strong> </strong>\n\n <strong> </strong>",
            "length": 4,
            "concept_mentions": 0,
            "word_mentions": {
              "unit": 0,
              "monetary": 0
            }
          },
          "-0.5": {
            "text": "that it is a 1-1 (1 to 1) <strong>unit. </strong>\n\nThe <strong>1. </strong>\n\n<strong>",
            "length": 14,
            "concept_mentions": 0,
            "word_mentions": {
              "unit": 1,
              "monetary": 0
            }
          },
          "0.0": {
            "text": "that it has no physical representation.\n\nThe world\u2019s central banks issue and regulate their own currencies. A monetary unit is a type of currency that",
            "length": 25,
            "concept_mentions": 1,
            "word_mentions": {
              "unit": 1,
              "monetary": 1
            }
          },
          "0.5": {
            "text": "its history. Throughout centuries currencies underwent tremendous changes. Some remained unchanged, whilst others have undergone radical transformations that affected peoples\u2019 lives tremendously. Nevertheless, regardless",
            "length": 24,
            "concept_mentions": 0,
            "word_mentions": {
              "unit": 0,
              "monetary": 0
            }
          },
          "1.0": {
            "text": "bahawa mereka berada dalam hubungan jangka panjang dengan pertumbuhan penduduk mereka sehingga pertumbuhan penduduk meningkat ketika pertumbuhan pendapatan meningkat kerana pertumbuhan penduduk meningkatkan pendapatan mereka apabila mereka mempunyai pendapatan tambahan",
            "length": 30,
            "concept_mentions": 0,
            "word_mentions": {
              "unit": 0,
              "monetary": 0
            }
          }
        }
      }
    ]
  },
  "elapsed_seconds": 16.8056640625
}