{
  "concept": "large integer",
  "original_test_acc": 1.0,
  "detection": {
    "mean_confidence": 0.999543297290802,
    "std_confidence": 0.00037441588614119873,
    "min_confidence": 0.9988920092582703,
    "max_confidence": 0.9999651908874512
  },
  "steering": {
    "results": [
      {
        "prompt": "Tell me about large integer.",
        "strengths": {
          "-1.0": {
            "text": "",
            "length": 0,
            "concept_mentions": 0,
            "word_mentions": {
              "integer": 0,
              "large": 0
            }
          },
          "-0.5": {
            "text": "[User 0001]\n\nI'm 12, I'm 12 and 144,",
            "length": 8,
            "concept_mentions": 0,
            "word_mentions": {
              "integer": 0,
              "large": 0
            }
          },
          "0.0": {
            "text": "I think it's better to read about it here.\n\nHere's the basic idea.\nYou want to store an integer in an",
            "length": 21,
            "concept_mentions": 0,
            "word_mentions": {
              "integer": 1,
              "large": 0
            }
          },
          "0.5": {
            "text": "Uh uh yeah yeah uh uh yeah yeah yeah yeah yeah yeah yeah yeah yeah yeah yeah yeah yeah yeah yeah yeah yeah yeah yeah yeah yeah yeah yeah yeah",
            "length": 30,
            "concept_mentions": 0,
            "word_mentions": {
              "integer": 0,
              "large": 0
            }
          },
          "1.0": {
            "text": "\u0410\u043a\u044b\u0441\u044b\u0437 \u043e\u043d\u043b\u0430\u0439\u043d \u0441\u043b\u043e\u0442 \u0438\u0433\u0440\u0430\u0939\u0930\u0942\u092e\u093e \u0924\u092a\u093e\u0908\u0902\u0932\u0947 \u091c\u093f\u0924\u094d\u0928 \u0938\u0915\u094d\u0928\u0941\u0939\u0941\u0928\u094d\u091b \u092a\u0948\u0938\u093e\u0964 \u0924\u092a\u093e\u0908\u0902\u0915\u094b \u092e\u094b\u092c\u093e\u0907\u0932 \u092b\u094b\u0928\u092e\u093e \u0915\u0941\u0928\u0948 \u092a\u0928\u093f \u0938\u092e\u092f\u092e\u093e \u0932\u093e\u092e\u094b \u0930\u0915\u092e\u092e\u093e \u0932\u0917\u093e\u0928\u0940",
            "length": 17,
            "concept_mentions": 0,
            "word_mentions": {
              "integer": 0,
              "large": 0
            }
          }
        }
      },
      {
        "prompt": "I'm interested in learning about large integer.",
        "strengths": {
          "-1.0": {
            "text": "1 1 1 1 1 1 1 1 1 1 1 1 1 1 1",
            "length": 15,
            "concept_mentions": 0,
            "word_mentions": {
              "integer": 0,
              "large": 0
            }
          },
          "-0.5": {
            "text": "1. 10000000000000000000000000",
            "length": 2,
            "concept_mentions": 0,
            "word_mentions": {
              "integer": 0,
              "large": 0
            }
          },
          "0.0": {
            "text": "I don't mean the ones you'd find in the hardware or BIOS.\n\nFor example, in some cases, a number can be extremely",
            "length": 22,
            "concept_mentions": 0,
            "word_mentions": {
              "integer": 0,
              "large": 0
            }
          },
          "0.5": {
            "text": "Since division overflows sooner than multiplication overflows (+infinity/+inf), division overflows sooner than multiplication overflows(+infinity/+inf). However multiplication overflows sooner than division overflows",
            "length": 21,
            "concept_mentions": 0,
            "word_mentions": {
              "integer": 0,
              "large": 0
            }
          },
          "1.0": {
            "text": "Presumably simplices simplices simplices simplices simplices simplices simplices simplices simplices simplices simplices simplices simplices simplices simplices simplices simplices simplices simplices simplices simplices simplices simplices simplices simplices simplices simplices simplices simplices",
            "length": 30,
            "concept_mentions": 0,
            "word_mentions": {
              "integer": 0,
              "large": 0
            }
          }
        }
      },
      {
        "prompt": "The most important thing to know about large integer is",
        "strengths": {
          "-1.0": {
            "text": "2 1 0 0 1 0 1 1 0 0 1 1 1 1 0",
            "length": 15,
            "concept_mentions": 0,
            "word_mentions": {
              "integer": 0,
              "large": 0
            }
          },
          "-0.5": {
            "text": "",
            "length": 0,
            "concept_mentions": 0,
            "word_mentions": {
              "integer": 0,
              "large": 0
            }
          },
          "0.0": {
            "text": "the fact that it is a pointer to an array of integers.\n\n<code>  int *a;\n  a = (int*) malloc(sizeof",
            "length": 19,
            "concept_mentions": 0,
            "word_mentions": {
              "integer": 1,
              "large": 0
            }
          },
          "0.5": {
            "text": "its ability to solve problems involving arithmetic calculations involving multiplication divisions addition subtraction modulo computations involving primes factorization gcd computations involving polynomials factorization computation involving matrices factorization computation involving elliptic",
            "length": 30,
            "concept_mentions": 0,
            "word_mentions": {
              "integer": 0,
              "large": 0
            }
          },
          "1.0": {
            "text": "associativity associativity associativity associativity associativity associativity associativity associativity associativity associativity associativity associativity associativity associativity associativity associativity associativity associativity associativity associativity associativity associativity associativity associativity associativity associativity associativity associativity associativity associativity",
            "length": 30,
            "concept_mentions": 0,
            "word_mentions": {
              "integer": 0,
              "large": 0
            }
          }
        }
      }
    ]
  },
  "elapsed_seconds": 17.885212421417236
}