{
  "definitional": {
    "n_samples": 9,
    "unique_concepts_all_timesteps": 46,
    "unique_concepts_final_only": 21,
    "top_concepts_all_timesteps": [
      [
        "Deception",
        26.0
      ],
      [
        "Concealing",
        21.22222222222222
      ],
      [
        "TellingALie",
        9.333333333333334
      ],
      [
        "Pretending",
        9.0
      ],
      [
        "Hate",
        6.0
      ],
      [
        "Espionage",
        5.666666666666667
      ],
      [
        "Report",
        5.222222222222222
      ],
      [
        "Testifying",
        5.0
      ],
      [
        "EmotionalState",
        4.888888888888889
      ],
      [
        "Stealing",
        4.777777777777778
      ],
      [
        "Deciding",
        4.555555555555555
      ],
      [
        "TakingIll",
        4.111111111111111
      ],
      [
        "Robbing",
        4.0
      ],
      [
        "Ordering",
        3.111111111111111
      ],
      [
        "Apologizing",
        3.0
      ],
      [
        "NonDeceptiveAlignment",
        3.0
      ],
      [
        "UnilateralGiving",
        2.888888888888889
      ],
      [
        "Mating",
        2.888888888888889
      ],
      [
        "Death",
        2.4444444444444446
      ],
      [
        "PlacingUnderArrest",
        2.4444444444444446
      ]
    ],
    "top_concepts_final_only": [
      [
        "Deception",
        0.8888888888888888
      ],
      [
        "Concealing",
        0.5555555555555556
      ],
      [
        "TellingALie",
        0.4444444444444444
      ],
      [
        "Robbing",
        0.3333333333333333
      ],
      [
        "Stealing",
        0.3333333333333333
      ],
      [
        "Pretending",
        0.2222222222222222
      ],
      [
        "Testifying",
        0.2222222222222222
      ],
      [
        "Ordering",
        0.2222222222222222
      ],
      [
        "TakingIll",
        0.2222222222222222
      ],
      [
        "Espionage",
        0.2222222222222222
      ],
      [
        "UnilateralGiving",
        0.2222222222222222
      ],
      [
        "Apologizing",
        0.1111111111111111
      ],
      [
        "Threatening",
        0.1111111111111111
      ],
      [
        "Christian",
        0.1111111111111111
      ],
      [
        "Hate",
        0.1111111111111111
      ],
      [
        "Strangling",
        0.1111111111111111
      ],
      [
        "Mating",
        0.1111111111111111
      ],
      [
        "DramaticActing",
        0.1111111111111111
      ],
      [
        "FinancialBill",
        0.1111111111111111
      ],
      [
        "EmotionalState",
        0.1111111111111111
      ]
    ]
  },
  "behavioral_neutral": {
    "n_samples": 9,
    "unique_concepts_all_timesteps": 40,
    "unique_concepts_final_only": 21,
    "top_concepts_all_timesteps": [
      [
        "Deception",
        25.333333333333332
      ],
      [
        "Concealing",
        19.333333333333332
      ],
      [
        "TellingALie",
        11.88888888888889
      ],
      [
        "Espionage",
        9.444444444444445
      ],
      [
        "Pretending",
        9.222222222222221
      ],
      [
        "Report",
        8.777777777777779
      ],
      [
        "DramaticActing",
        8.444444444444445
      ],
      [
        "Hate",
        7.0
      ],
      [
        "Robbing",
        5.888888888888889
      ],
      [
        "EmotionalState",
        5.0
      ],
      [
        "NonDeceptiveAlignment",
        4.777777777777778
      ],
      [
        "Death",
        4.111111111111111
      ],
      [
        "Stealing",
        3.3333333333333335
      ],
      [
        "ClosingContract",
        2.7777777777777777
      ],
      [
        "Human_Other",
        2.5555555555555554
      ],
      [
        "PlacingUnderArrest",
        2.3333333333333335
      ],
      [
        "Deciding",
        2.2222222222222223
      ],
      [
        "Committing",
        2.111111111111111
      ],
      [
        "Imprisoning",
        2.0
      ],
      [
        "Apologizing",
        1.6666666666666667
      ]
    ],
    "top_concepts_final_only": [
      [
        "Deception",
        0.7777777777777778
      ],
      [
        "Report",
        0.4444444444444444
      ],
      [
        "TellingALie",
        0.3333333333333333
      ],
      [
        "Concealing",
        0.3333333333333333
      ],
      [
        "Hate",
        0.3333333333333333
      ],
      [
        "Pretending",
        0.2222222222222222
      ],
      [
        "Espionage",
        0.2222222222222222
      ],
      [
        "Death",
        0.2222222222222222
      ],
      [
        "ClosingContract",
        0.2222222222222222
      ],
      [
        "Robbing",
        0.2222222222222222
      ],
      [
        "Human_Other",
        0.2222222222222222
      ],
      [
        "NonDeceptiveAlignment",
        0.2222222222222222
      ],
      [
        "EmotionalState",
        0.2222222222222222
      ],
      [
        "DramaticActing",
        0.2222222222222222
      ],
      [
        "Suicide",
        0.1111111111111111
      ],
      [
        "Raping",
        0.1111111111111111
      ],
      [
        "UnilateralGiving",
        0.1111111111111111
      ],
      [
        "Threatening",
        0.1111111111111111
      ],
      [
        "Stealing",
        0.1111111111111111
      ],
      [
        "Deciding",
        0.1111111111111111
      ]
    ]
  },
  "behavioral_prosocial": {
    "n_samples": 9,
    "unique_concepts_all_timesteps": 43,
    "unique_concepts_final_only": 23,
    "top_concepts_all_timesteps": [
      [
        "Deception",
        23.88888888888889
      ],
      [
        "NonDeceptiveAlignment",
        12.0
      ],
      [
        "Report",
        11.222222222222221
      ],
      [
        "Concealing",
        10.222222222222221
      ],
      [
        "UnilateralGiving",
        9.0
      ],
      [
        "Human_Other",
        7.666666666666667
      ],
      [
        "Hate",
        7.444444444444445
      ],
      [
        "TellingALie",
        6.888888888888889
      ],
      [
        "Answering",
        6.777777777777778
      ],
      [
        "ClosingContract",
        5.555555555555555
      ],
      [
        "Committing",
        5.333333333333333
      ],
      [
        "Apologizing",
        4.888888888888889
      ],
      [
        "DramaticActing",
        4.444444444444445
      ],
      [
        "Christian",
        4.333333333333333
      ],
      [
        "Pretending",
        3.111111111111111
      ],
      [
        "Deciding",
        3.0
      ],
      [
        "EmotionalState",
        2.888888888888889
      ],
      [
        "Offering",
        2.5555555555555554
      ],
      [
        "FinancialBill",
        2.2222222222222223
      ],
      [
        "Espionage",
        1.6666666666666667
      ]
    ],