{
  "timestamp": "2025-12-02T20:10:22.189408",
  "model": "swiss-ai/Apertus-8B-2509",
  "embedding_stats": {
    "mean": 7.055698871612549,
    "std": 901.7657470703125
  },
  "modes": [
    "standard",
    "noise",
    "random_text"
  ],
  "probes": {
    "AlignmentProcess_L1": {
      "concept": "AlignmentProcess",
      "layer": 1,
      "modes": {
        "standard": {
          "training": {
            "train_acc": 0.9444444179534912,
            "val_acc": 0.8888888955116272,
            "epochs": 11
          },
          "evaluation": {
            "avg_positive": 0.19483324885368347,
            "avg_negative": 1.8597536382003454e-06,
            "avg_noise": 3.5167014642430535e-17,
            "positive_negative_gap": 0.19483138620853424,
            "positive_noise_gap": 0.19483324885368347,
            "negative_noise_gap": 1.8597536382003454e-06,
            "n_positive": 5,
            "n_negative": 5,
            "n_noise": 5
          }
        },
        "noise": {
          "training": {
            "train_acc": 0.9722222089767456,
            "val_acc": 0.8888888955116272,
            "epochs": 11
          },
          "evaluation": {
            "avg_positive": 0.19988936185836792,
            "avg_negative": 0.2729998230934143,
            "avg_noise": 0.0,
            "positive_negative_gap": -0.07311046123504639,
            "positive_noise_gap": 0.19988936185836792,
            "negative_noise_gap": 0.2729998230934143,
            "n_positive": 5,
            "n_negative": 5,
            "n_noise": 5
          }
        },
        "random_text": {
          "training": {
            "train_acc": 0.9583333134651184,
            "val_acc": 0.8333333134651184,
            "epochs": 22
          },
          "evaluation": {
            "avg_positive": 0.20000000298023224,
            "avg_negative": 0.3999999761581421,
            "avg_noise": 0.5764815211296082,
            "positive_negative_gap": -0.19999997317790985,
            "positive_noise_gap": -0.3764815330505371,
            "negative_noise_gap": -0.17648154497146606,
            "n_positive": 5,
            "n_negative": 5,
            "n_noise": 5
          }
        }
      }
    },
    "Agent_L1": {
      "concept": "Agent",
      "layer": 1,
      "modes": {
        "standard": {
          "training": {
            "train_acc": 0.9459459185600281,
            "val_acc": 0.8999999761581421,
            "epochs": 13
          },
          "evaluation": {
            "avg_positive": 0.19238099455833435,
            "avg_negative": 6.795563876949018e-06,
            "avg_noise": 2.1816959061921896e-25,
            "positive_negative_gap": 0.19237419962882996,
            "positive_noise_gap": 0.19238099455833435,
            "negative_noise_gap": 6.795563876949018e-06,
            "n_positive": 5,
            "n_negative": 5,
            "n_noise": 5
          }
        },
        "noise": {
          "training": {
            "train_acc": 1.0,
            "val_acc": 1.0,
            "epochs": 21
          },
          "evaluation": {
            "avg_positive": 0.9980025291442871,
            "avg_negative": 0.6183136701583862,
            "avg_noise": 0.1999954879283905,
            "positive_negative_gap": 0.3796888589859009,
            "positive_noise_gap": 0.7980070114135742,
            "negative_noise_gap": 0.4183181822299957,
            "n_positive": 5,
            "n_negative": 5,
            "n_noise": 5
          }
        },
        "random_text": {
          "training": {
            "train_acc": 0.9166666865348816,
            "val_acc": 1.0,
            "epochs": 100
          },
          "evaluation": {
            "avg_positive": 0.20000000298023224,
            "avg_negative": 0.5994973182678223,
            "avg_noise": 0.4000000059604645,
            "positive_negative_gap": -0.3994973301887512,
            "positive_noise_gap": -0.20000000298023224,
            "negative_noise_gap": 0.1994973123073578,
            "n_positive": 5,
            "n_negative": 5,
            "n_noise": 5
          }
        }
      }
    },
    "Projectile_L2": {
      "concept": "Projectile",
      "layer": 2,
      "modes": {
        "standard": {
          "training": {
            "train_acc": 1.0,
            "val_acc": 1.0,
            "epochs": 26
          },
          "evaluation": {
            "avg_positive": 0.1997835636138916,
            "avg_negative": 1.5242240181123634e-07,
            "avg_noise": 0.0,
            "positive_negative_gap": 0.19978341460227966,
            "positive_noise_gap": 0.1997835636138916,
            "negative_noise_gap": 1.5242240181123634e-07,
            "n_positive": 5,
            "n_negative": 5,
            "n_noise": 5
          }
        },
        "noise": {
          "training": {
            "train_acc": 1.0,
            "val_acc": 1.0,
            "epochs": 20
          },
          "evaluation": {
            "avg_positive": 0.19660094380378723,
            "avg_negative": 0.11323448270559311,
            "avg_noise": 0.0,
            "positive_negative_gap": 0.08336646109819412,
            "positive_noise_gap": 0.19660094380378723,
            "negative_noise_gap": 0.11323448270559311,
            "n_positive": 5,
            "n_negative": 5,
            "n_noise": 5
          }
        },
        "random_text": {
          "training": {
            "train_acc": 1.0,
            "val_acc": 1.0,
            "epochs": 11
          },
          "evaluation": {
            "avg_positive": 0.20000000298023224,
            "avg_negative": 0.1999938040971756,
            "avg_noise": 0.4000000059604645,
            "positive_negative_gap": 6.198883056640625e-06,
            "positive_noise_gap": -0.20000000298023224,
            "negative_noise_gap": -0.20000620186328888,
            "n_positive": 5,
            "n_negative": 5,
            "n_noise": 5
          }
        }
      }
    },
    "AIAlignmentProcess_L2": {
      "concept": "AIAlignmentProcess",
      "layer": 2,
      "modes": {
        "standard": {
          "training": {
            "train_acc": 0.9047619104385376,
            "val_acc": 0.8181818127632141,
            "epochs": 19
          },
          "evaluation": {
            "avg_positive": 0.20000000298023224,
            "avg_negative": 2.2590025849922313e-08,
            "avg_noise": 0.800000011920929,
            "positive_negative_gap": 0.19999997317790985,
            "positive_noise_gap": -0.6000000238418579,
            "negative_noise_gap": -0.800000011920929,
            "n_positive": 5,
            "n_negative": 5,
            "n_noise": 5
          }
        },
        "noise": {
          "training": {
            "train_acc": 1.0,
            "val_acc": 1.0,
            "epochs": 14
          },
          "evaluation": {
            "avg_positive": 0.9990556836128235,
            "avg_negative": 0.4884422719478607,
            "avg_noise": 0.0,
            "positive_negative_gap": 0.5106134414672852,
            "positive_noise_gap": 0.9990556836128235,
            "negative_noise_gap": 0.4884422719478607,
            "n_positive": 5,
            "n_negative": 5,
            "n_noise": 5
          }
        },
        "random_text": {
          "training": {
            "train_acc": 0.7857142686843872,
            "val_acc": 1.0,
            "epochs": 13
          },
          "evaluation": {
            "avg_positive": 0.20000000298023224,
            "avg_negative": 0.6000000238418579,
            "avg_noise": 0.6000000238418579,
            "positive_negative_gap": -0.40000003576278687,
            "positive_noise_gap": -0.40000003576278687,
            "negative_noise_gap": 0.0,
            "n_positive": 5,
            "n_negative": 5,
            "n_noise": 5
          }
        }
      }
    },
    "AAV_L3": {
      "concept": "AAV",
      "layer": 3,
      "modes": {
        "standard": {
          "training": {
            "train_acc": 0.9487179517745972,