{
  "activation": {
    "samples": 30,
    "iterations": 48,
    "train_f1": 1.0,
    "test_f1": 0.9504950495049505,
    "overfit_gap": 0.04950495049504955,
    "test_precision": 0.9411764705882353,
    "test_recall": 0.96,
    "validation": {
      "concept": "aspiration/social_mobility_negative",
      "expected_domain": "Abstract",
      "target_rank": 1,
      "target_logit": 7.497160624525505e-34,
      "avg_other_rank": 6.0,
      "avg_other_logit": 1.1710669950342021e-39,
      "calibration_score": 0.7777777777777778,
      "passed": 