{
  "definitional": {
    "n_samples": 15,
    "unique_concepts_all_timesteps": 51,
    "unique_concepts_final_only": 23,
    "top_concepts_all_timesteps": [
      [
        "Deception",
        25.066666666666666
      ],
      [
        "Concealing",
        21.666666666666668
      ],
      [
        "HumanAgentPsychology",
        7.333333333333333
      ],
      [
        "Espionage",
        6.333333333333333
      ],
      [
        "TakingIll",
        6.133333333333334
      ],
      [
        "Deciding",
        5.666666666666667
      ],
      [
        "NonDeceptiveAlignment",
        5.666666666666667
      ],
      [
        "Apologizing",
        5.333333333333333
      ],
      [
        "Ordering",
        5.266666666666667
      ],
      [
        "Testifying",
        5.2
      ],
      [
        "EmotionalState",
        5.133333333333334
      ],
      [
        "UnilateralGiving",
        4.866666666666666
      ],
      [
        "Robbing",
        4.266666666666667
      ],
      [
        "Hate",
        4.133333333333334
      ],
      [
        "ClosingEyes",
        3.8666666666666667
      ],
      [
        "Death",
        3.066666666666667
      ],
      [
        "PlacingUnderArrest",
        3.066666666666667
      ],
      [
        "Threatening",
        2.6
      ],
      [
        "Injuring",
        2.2
      ],
      [
        "Raping",
        2.1333333333333333
      ]
    ],
    "top_concepts_final_only": [
      [
        "Concealing",
        0.7333333333333333
      ],
      [
        "Deception",
        0.6666666666666666
      ],
      [
        "Hate",
        0.3333333333333333
      ],
      [
        "Regretting",
        0.3333333333333333
      ],
      [
        "NonDeceptiveAlignment",
        0.26666666666666666
      ],
      [
        "Ordering",
        0.26666666666666666
      ],
      [
        "TakingIll",
        0.26666666666666666
      ],
      [
        "Raping",
        0.26666666666666666
      ],
      [
        "UnilateralGiving",
        0.2
      ],
      [
        "Christian",
        0.2
      ],
      [
        "Robbing",
        0.2
      ],
      [
        "HumanAgentPsychology",
        0.2
      ],
      [
        "ClosingEyes",
        0.13333333333333333
      ],
      [
        "Hijacking",
        0.13333333333333333
      ],
      [
        "Espionage",
        0.13333333333333333
      ],
      [
        "Threatening",
        0.13333333333333333
      ],
      [
        "EmotionalState",
        0.13333333333333333
      ],
      [
        "Death",
        0.06666666666666667
      ],
      [
        "Injuring",
        0.06666666666666667
      ],
      [
        "Offering",
        0.06666666666666667
      ]
    ]
  },
  "behavioral_neutral": {
    "n_samples": 15,
    "unique_concepts_all_timesteps": 45,
    "unique_concepts_final_only": 30,
    "top_concepts_all_timesteps": [
      [
        "Deception",
        28.733333333333334
      ],
      [
        "Concealing",
        23.6
      ],
      [
        "Hate",
        9.466666666666667
      ],
      [
        "HumanAgentPsychology",
        9.333333333333334
      ],
      [
        "Espionage",
        9.2
      ],
      [
        "EmotionalState",
        8.8
      ],
      [
        "Robbing",
        8.666666666666666
      ],
      [
        "NonDeceptiveAlignment",
        7.333333333333333
      ],
      [
        "ArousalLow_HumanAgent",
        5.0
      ],
      [
        "Threatening",
        3.4
      ],
      [
        "Committing",
        3.1333333333333333
      ],
      [
        "Death",
        3.0
      ],
      [
        "Deciding",
        2.8666666666666667
      ],
      [
        "PlacingUnderArrest",
        2.3333333333333335
      ],
      [
        "Answering",
        2.2666666666666666
      ],
      [
        "Apologizing",
        1.7333333333333334
      ],
      [
        "Imprisoning",
        1.7333333333333334
      ],
      [
        "UnilateralGiving",
        1.7333333333333334
      ],
      [
        "Hijacking",
        1.6
      ],
      [
        "Regretting",
        1.4666666666666666
      ]
    ],
    "top_concepts_final_only": [
      [
        "Deception",
        0.8666666666666667
      ],
      [
        "Concealing",
        0.6
      ],
      [
        "Hate",
        0.3333333333333333
      ],
      [
        "Espionage",
        0.26666666666666666
      ],
      [
        "EmotionalState",
        0.26666666666666666
      ],
      [
        "Death",
        0.26666666666666666
      ],
      [
        "Robbing",
        0.26666666666666666
      ],
      [
        "Apologizing",
        0.2
      ],
      [
        "Raping",
        0.2
      ],
      [
        "HumanAgentPsychology",
        0.2
      ],
      [
        "Imprisoning",
        0.13333333333333333
      ],
      [
        "Answering",
        0.13333333333333333
      ],
      [
        "ArousalLow_HumanAgent",
        0.13333333333333333
      ],
      [
        "Embracing",
        0.06666666666666667
      ],
      [
        "Christian",
        0.06666666666666667
      ],
      [
        "ArousalHigh_HumanAgent",
        0.06666666666666667
      ],
      [
        "Ordering",
        0.06666666666666667
      ],
      [
        "Waving",
        0.06666666666666667
      ],
      [
        "SocialOrientationNegative_HumanAgent",
        0.06666666666666667
      ],
      [
        "ValencePositive_HumanAgent",
        0.06666666666666667
      ]
    ]
  },
  "behavioral_prosocial": {
    "n_samples": 15,
    "unique_concepts_all_timesteps": 47,
    "unique_concepts_final_only": 26,
    "top_concepts_all_timesteps": [
      [
        "Deception",
        26.733333333333334
      ],
      [
        "Concealing",
        13.666666666666666
      ],
      [
        "NonDeceptiveAlignment",
        13.0
      ],
      [
        "UnilateralGiving",
        12.133333333333333
      ],
      [
        "Answering",
        9.533333333333333
      ],
      [
        "Apologizing",
        7.4
      ],
      [
        "ClosingContract",
        7.266666666666667
      ],
      [
        "Committing",
        5.533333333333333
      ],
      [
        "OpennessHigh_HumanAgent",
        5.266666666666667
      ],
      [
        "EmotionalState",
        5.133333333333334
      ],
      [
        "HumanAgentPsychology",
        4.666666666666667
      ],
      [
        "Hate",
        4.533333333333333
      ],
      [
        "Deciding",
        3.7333333333333334
      ],
      [
        "Embracing",
        2.8666666666666667
      ],
      [
        "Christian",
        2.8666666666666667
      ],
      [
        "Death",
        2.8
      ],
      [
        "Espionage",
        2.4
      ],
      [
        "Offering",
        2.2666666666666666
      ],
      [
        "Ordering",
        2.0
      ],
      [
        "ValencePositive_HumanAgent",
        1.8666666666666667
      ]
    ],