{
  "definitional": {
    "n_samples": 15,
    "unique_concepts_all_timesteps": 47,
    "unique_concepts_final_only": 30,
    "top_concepts_all_timesteps": [
      [
        "Deception",
        18.0
      ],
      [
        "EmotionalState",
        12.6
      ],
      [
        "Concealing",
        10.8
      ],
      [
        "Deciding",
        10.6
      ],
      [
        "HumanAgentPsychology",
        10.533333333333333
      ],
      [
        "Ordering",
        8.266666666666667
      ],
      [
        "UnilateralGiving",
        7.466666666666667
      ],
      [
        "Hate",
        7.133333333333334
      ],
      [
        "ValenceNegative_HumanAgent",
        4.6
      ],
      [
        "TakingIll",
        4.066666666666666
      ],
      [
        "ClosingContract",
        3.933333333333333
      ],
      [
        "Espionage",
        3.933333333333333
      ],
      [
        "Apologizing",
        3.7333333333333334
      ],
      [
        "ValencePositive_HumanAgent",
        3.6666666666666665
      ],
      [
        "Embracing",
        3.6
      ],
      [
        "Waving",
        2.533333333333333
      ],
      [
        "Robbing",
        2.4
      ],
      [
        "SocialOrientationPositive_HumanAgent",
        2.2666666666666666
      ],
      [
        "Threatening",
        2.2
      ],
      [
        "Offering",
        2.2
      ]
    ],
    "top_concepts_final_only": [
      [
        "EmotionalState",
        0.5333333333333333
      ],
      [
        "Deception",
        0.4666666666666667
      ],
      [
        "HumanAgentPsychology",
        0.4
      ],
      [
        "Hate",
        0.3333333333333333
      ],
      [
        "Deciding",
        0.3333333333333333
      ],
      [
        "Concealing",
        0.26666666666666666
      ],
      [
        "Espionage",
        0.26666666666666666
      ],
      [
        "UnilateralGiving",
        0.2
      ],
      [
        "ClosingContract",
        0.2
      ],
      [
        "Suicide",
        0.13333333333333333
      ],
      [
        "Death",
        0.13333333333333333
      ],
      [
        "ArousalLow_HumanAgent",
        0.13333333333333333
      ],
      [
        "Regretting",
        0.13333333333333333
      ],
      [
        "TakingIll",
        0.13333333333333333
      ],
      [
        "Embracing",
        0.06666666666666667
      ],
      [
        "ClosingEyes",
        0.06666666666666667
      ],
      [
        "DominanceHigh_HumanAgent",
        0.06666666666666667
      ],
      [
        "Hijacking",
        0.06666666666666667
      ],
      [
        "SocialOrientationPositive_HumanAgent",
        0.06666666666666667
      ],
      [
        "Threatening",
        0.06666666666666667
      ]
    ]
  },
  "behavioral_neutral": {
    "n_samples": 15,
    "unique_concepts_all_timesteps": 48,
    "unique_concepts_final_only": 24,
    "top_concepts_all_timesteps": [
      [
        "Deception",
        17.866666666666667
      ],
      [
        "EmotionalState",
        17.8
      ],
      [
        "HumanAgentPsychology",
        12.866666666666667
      ],
      [
        "Concealing",
        9.8
      ],
      [
        "Hate",
        9.4
      ],
      [
        "Deciding",
        9.266666666666667
      ],
      [
        "ValenceNegative_HumanAgent",
        7.666666666666667
      ],
      [
        "ClosingContract",
        4.666666666666667
      ],
      [
        "UnilateralGiving",
        4.466666666666667
      ],
      [
        "Ordering",
        4.2
      ],
      [
        "Threatening",
        4.0
      ],
      [
        "Committing",
        4.0
      ],
      [
        "ValencePositive_HumanAgent",
        3.6
      ],
      [
        "Answering",
        3.2666666666666666
      ],
      [
        "Embracing",
        3.2
      ],
      [
        "NonDeceptiveAlignment",
        3.0
      ],
      [
        "Death",
        2.466666666666667
      ],
      [
        "Imprisoning",
        2.4
      ],
      [
        "ArousalLow_HumanAgent",
        2.2666666666666666
      ],
      [
        "DominanceHigh_HumanAgent",
        2.066666666666667
      ]
    ],
    "top_concepts_final_only": [
      [
        "EmotionalState",
        0.5333333333333333
      ],
      [
        "HumanAgentPsychology",
        0.4666666666666667
      ],
      [
        "Hate",
        0.4
      ],
      [
        "Deciding",
        0.4
      ],
      [
        "Deception",
        0.4
      ],
      [
        "Concealing",
        0.3333333333333333
      ],
      [
        "ValenceNegative_HumanAgent",
        0.26666666666666666
      ],
      [
        "Ordering",
        0.26666666666666666
      ],
      [
        "Answering",
        0.13333333333333333
      ],
      [
        "Embracing",
        0.13333333333333333
      ],
      [
        "DominanceHigh_HumanAgent",
        0.13333333333333333
      ],
      [
        "Committing",
        0.13333333333333333
      ],
      [
        "ClosingContract",
        0.13333333333333333
      ],
      [
        "UnilateralGiving",
        0.13333333333333333
      ],
      [
        "Death",
        0.13333333333333333
      ],
      [
        "ValencePositive_HumanAgent",
        0.13333333333333333
      ],
      [
        "ArousalLow_HumanAgent",
        0.06666666666666667
      ],
      [
        "Regretting",
        0.06666666666666667
      ],
      [
        "Kidnapping",
        0.06666666666666667
      ],
      [
        "Robbing",
        0.06666666666666667
      ]
    ]
  },
  "behavioral_prosocial": {
    "n_samples": 15,
    "unique_concepts_all_timesteps": 45,
    "unique_concepts_final_only": 21,
    "top_concepts_all_timesteps": [
      [
        "Deception",
        24.333333333333332
      ],
      [
        "EmotionalState",
        15.933333333333334
      ],
      [
        "Hate",
        10.066666666666666
      ],
      [
        "UnilateralGiving",
        9.8
      ],
      [
        "NonDeceptiveAlignment",
        8.466666666666667
      ],
      [
        "Answering",
        8.066666666666666
      ],
      [
        "Embracing",
        7.666666666666667
      ],
      [
        "Apologizing",
        6.933333333333334
      ],
      [
        "Concealing",
        5.466666666666667
      ],
      [
        "HumanAgentPsychology",
        5.4
      ],
      [
        "ValencePositive_HumanAgent",
        5.066666666666666
      ],
      [
        "Committing",
        5.0
      ],
      [
        "OpennessHigh_HumanAgent",
        4.6
      ],
      [
        "Deciding",
        4.266666666666667
      ],
      [
        "ClosingContract",
        3.6
      ],
      [
        "Death",
        2.933333333333333
      ],
      [
        "Christian",
        2.2
      ],
      [
        "ValenceNegative_HumanAgent",
        2.1333333333333333
      ],
      [
        "Threatening",
        2.0
      ],
      [
        "Offering",
        1.9333333333333333
      ]
    ],