{
  "definitional": {
    "n_samples": 15,
    "unique_concepts_all_timesteps": 46,
    "unique_concepts_final_only": 26,
    "top_concepts_all_timesteps": [
      [
        "Deception",
        16.4
      ],
      [
        "Ordering",
        15.2
      ],
      [
        "Deciding",
        11.133333333333333
      ],
      [
        "HumanAgentPsychology",
        9.533333333333333
      ],
      [
        "Waving",
        8.6
      ],
      [
        "EmotionalState",
        7.8
      ],
      [
        "UnilateralGiving",
        7.466666666666667
      ],
      [
        "Answering",
        6.866666666666666
      ],
      [
        "Apologizing",
        6.133333333333334
      ],
      [
        "Espionage",
        5.8
      ],
      [
        "Threatening",
        5.6
      ],
      [
        "Testifying",
        4.933333333333334
      ],
      [
        "Offering",
        4.0
      ],
      [
        "ValencePositive_HumanAgent",
        4.0
      ],
      [
        "ArousalHigh_HumanAgent",
        3.6666666666666665
      ],
      [
        "Concealing",
        3.466666666666667
      ],
      [
        "SocialOrientationPositive_HumanAgent",
        3.1333333333333333
      ],
      [
        "TakingIll",
        2.3333333333333335
      ],
      [
        "ArousalLow_HumanAgent",
        2.0
      ],
      [
        "Suicide",
        1.7333333333333334
      ]
    ],
    "top_concepts_final_only": [
      [
        "Ordering",
        0.6
      ],
      [
        "Deciding",
        0.6
      ],
      [
        "Deception",
        0.4
      ],
      [
        "Answering",
        0.3333333333333333
      ],
      [
        "Waving",
        0.3333333333333333
      ],
      [
        "EmotionalState",
        0.3333333333333333
      ],
      [
        "Hate",
        0.26666666666666666
      ],
      [
        "UnilateralGiving",
        0.2
      ],
      [
        "Apologizing",
        0.2
      ],
      [
        "HumanAgentPsychology",
        0.2
      ],
      [
        "Espionage",
        0.13333333333333333
      ],
      [
        "Christian",
        0.13333333333333333
      ],
      [
        "Threatening",
        0.13333333333333333
      ],
      [
        "ClosingEyes",
        0.13333333333333333
      ],
      [
        "Suicide",
        0.13333333333333333
      ],
      [
        "Testifying",
        0.13333333333333333
      ],
      [
        "Offering",
        0.13333333333333333
      ],
      [
        "Regretting",
        0.06666666666666667
      ],
      [
        "Bequeathing",
        0.06666666666666667
      ],
      [
        "Divorcing",
        0.06666666666666667
      ]
    ]
  },
  "behavioral_neutral": {
    "n_samples": 15,
    "unique_concepts_all_timesteps": 43,
    "unique_concepts_final_only": 22,
    "top_concepts_all_timesteps": [
      [
        "Deception",
        21.6
      ],
      [
        "Answering",
        14.333333333333334
      ],
      [
        "HumanAgentPsychology",
        10.533333333333333
      ],
      [
        "Deciding",
        10.266666666666667
      ],
      [
        "UnilateralGiving",
        10.133333333333333
      ],
      [
        "Ordering",
        10.0
      ],
      [
        "EmotionalState",
        9.4
      ],
      [
        "ClosingContract",
        6.733333333333333
      ],
      [
        "Hate",
        6.466666666666667
      ],
      [
        "Embracing",
        4.8
      ],
      [
        "Threatening",
        4.666666666666667
      ],
      [
        "Espionage",
        3.8
      ],
      [
        "Waving",
        3.8
      ],
      [
        "Offering",
        3.1333333333333333
      ],
      [
        "Testifying",
        3.0
      ],
      [
        "Apologizing",
        2.8
      ],
      [
        "Committing",
        2.0
      ],
      [
        "Concealing",
        1.6666666666666667
      ],
      [
        "Christian",
        1.6
      ],
      [
        "ValencePositive_HumanAgent",
        1.5333333333333334
      ]
    ],
    "top_concepts_final_only": [
      [
        "Answering",
        0.6
      ],
      [
        "Deception",
        0.6
      ],
      [
        "Hate",
        0.4
      ],
      [
        "Ordering",
        0.3333333333333333
      ],
      [
        "HumanAgentPsychology",
        0.3333333333333333
      ],
      [
        "Deciding",
        0.26666666666666666
      ],
      [
        "EmotionalState",
        0.26666666666666666
      ],
      [
        "Testifying",
        0.2
      ],
      [
        "ClosingContract",
        0.2
      ],
      [
        "Waving",
        0.2
      ],
      [
        "Suicide",
        0.2
      ],
      [
        "Threatening",
        0.13333333333333333
      ],
      [
        "Apologizing",
        0.13333333333333333
      ],
      [
        "PlacingUnderArrest",
        0.13333333333333333
      ],
      [
        "UnilateralGiving",
        0.13333333333333333
      ],
      [
        "Concealing",
        0.13333333333333333
      ],
      [
        "Espionage",
        0.13333333333333333
      ],
      [
        "Christian",
        0.06666666666666667
      ],
      [
        "Robbing",
        0.06666666666666667
      ],
      [
        "ClosingEyes",
        0.06666666666666667
      ]
    ]
  },
  "behavioral_prosocial": {
    "n_samples": 15,
    "unique_concepts_all_timesteps": 47,
    "unique_concepts_final_only": 28,
    "top_concepts_all_timesteps": [
      [
        "Deception",
        23.6
      ],
      [
        "UnilateralGiving",
        16.133333333333333
      ],
      [
        "NonDeceptiveAlignment",
        8.8
      ],
      [
        "Offering",
        8.4
      ],
      [
        "Answering",
        8.2
      ],
      [
        "Ordering",
        7.8
      ],
      [
        "ClosingContract",
        7.0
      ],
      [
        "HumanAgentPsychology",
        6.666666666666667
      ],
      [
        "EmotionalState",
        6.466666666666667
      ],
      [
        "OpennessHigh_HumanAgent",
        5.533333333333333
      ],
      [
        "Committing",
        5.2
      ],
      [
        "Apologizing",
        4.666666666666667
      ],
      [
        "Hate",
        4.533333333333333
      ],
      [
        "Concealing",
        4.0
      ],
      [
        "Deciding",
        3.6
      ],
      [
        "ValencePositive_HumanAgent",
        3.066666666666667
      ],
      [
        "Threatening",
        2.8666666666666667
      ],
      [
        "Embracing",
        2.3333333333333335
      ],
      [
        "ArousalHigh_HumanAgent",
        1.6
      ],
      [
        "ArousalLow_HumanAgent",
        1.5333333333333334
      ]
    ],