{
  "dimension": "motivational_regulation",
  "best_test_f1": 0.824764942586098,
  "graduated": true,
  "total_iterations": 1,
  "final_samples_per_pole": 60,
  "final_metrics": {
    "accuracy": 0.7916666865348816,
    "pole_0_precision": 0.7999999996,
    "pole_0_recall": 0.8888888883950616,
    "pole_0_f1": 0.842105257728532,
    "pole_1_precision": 0.8260869561625709,
    "pole_1_recall": 0.7037037034430726,
    "pole_1_f1": 0.7599999947280001,
    "pole_2_precision": 0.7586206893935791,
    "pole_2_recall": 0.8148148145130315,
    "pole_2_f1": 0.785714280440051,
    "avg_f1": 0.7959398442988611
  },
  "pole_counts": {
    "negative": 120,
    "neutral": 120,
    "positive": 120
  },
  "patience_used": 30
}