{
  "timestamp": "20251125_094653",
  "config": {
    "samples_per_pole_initial": 60,
    "samples_per_pole_increment": 60,
    "samples_per_pole_max": 300,
    "min_f1_threshold": 0.7,
    "behavioral_ratio": 0.6,
    "layer_idx": 12
  },
  "total_simplexes": 13,
  "completed": 13,
  "graduated": [
    "social_evaluation",
    "temporal_affective_valence",
    "relational_love",
    "relational_attachment",
    "social_orientation",
    "threat_perception",
    "affective_coherence",
    "aspiration/social_mobility",
    "affective_awareness",
    "hedonic_arousal_intensity",
    "social_connection",
    "taste_development",
    "motivational_regulation"
  ],
  "failed": [],
  "simplexes": [
    {
      "dimension": "taste_development",
      "best_test_f1": 0.8525624410163708,
      "graduated": true,
      "total_iterations": 2,
      "final_samples_per_pole": 120,
      "final_metrics": {
        "accuracy": 0.7986111044883728,
        "pole_0_precision": 0.879999999824,
        "pole_0_recall": 0.7457627117380063,
        "pole_0_f1": 0.8073394444272368,
        "pole_1_precision": 0.7551020406622241,
        "pole_1_recall": 0.8222222220395061,
        "pole_1_f1": 0.7872340373947488,
        "pole_2_precision": 0.7555555553876543,
        "pole_2_recall": 0.8499999997875,
        "pole_2_f1": 0.7999999948290658,
        "avg_f1": 0.7981911588836837
      },
      "pole_counts": {
        "negative": 240,
        "neutral": 240,
        "positive": 240
      }
    },
    {
      "dimension": "motivational_regulation",
      "best_test_f1": 0.824764942586098,
      "graduated": true,
      "total_iterations": 1,
      "final_samples_per_pole": 60,
      "final_metrics": {
        "accuracy": 0.7916666865348816,
        "pole_0_precision": 0.7999999996,
        "pole_0_recall": 0.8888888883950616,
        "pole_0_f1": 0.842105257728532,
        "pole_1_precision": 0.8260869561625709,
        "pole_1_recall": 0.7037037034430726,
        "pole_1_f1": 0.7599999947280001,
        "pole_2_precision": 0.7586206893935791,
        "pole_2_recall": 0.8148148145130315,
        "pole_2_f1": 0.785714280440051,
        "avg_f1": 0.7959398442988611
      },
      "pole_counts": {
        "negative": 120,
        "neutral": 120,
        "positive": 120
      },
      "patience_used": 30
    },
    {
      "dimension": "social_evaluation",
      "best_test_f1": 0.8131897498214147,
      "graduated": true,
      "total_iterations": 2,
      "final_samples_per_pole": 120,
      "final_metrics": {
        "accuracy": 0.7708333134651184,
        "pole_0_precision": 0.7755102039233652,
        "pole_0_recall": 0.8636363634400827,
        "pole_0_f1": 0.8172042959139785,
        "pole_1_precision": 0.7647058822029988,
        "pole_1_recall": 0.7090909089619835,
        "pole_1_f1": 0.7358490514720541,
        "pole_2_precision": 0.7727272725516529,
        "pole_2_recall": 0.7555555553876543,
        "pole_2_f1": 0.7640449386491605,
        "avg_f1": 0.7723660953450643
      },
      "pole_counts": {
        "negative": 240,
        "neutral": 240,
        "positive": 240
      }
    },
    {
      "dimension": "temporal_affective_valence",
      "best_test_f1": 0.7811481739802386,
      "graduated": true,
      "total_iterations": 1,
      "final_samples_per_pole": 60,
      "final_metrics": {
        "accuracy": 0.6666666865348816,
        "pole_0_precision": 0.8499999995749999,
        "pole_0_recall": 0.7083333330381945,
        "pole_0_f1": 0.7727272674173553,
        "pole_1_precision": 0.7333333328444444,
        "pole_1_recall": 0.40740740725651575,
        "pole_1_f1": 0.523809518968254,
        "pole_2_precision": 0.5405405403944485,
        "pole_2_recall": 0.9523809519274377,
        "pole_2_f1": 0.6896551675564804,
        "avg_f1": 0.6620639846473632
      },
      "pole_counts": {
        "negative": 120,
        "neutral": 120,
        "positive": 120
      }
    },
    {
      "dimension": "relational_love",
      "best_test_f1": 0.8235981612571619,
      "graduated": true,
      "total_iterations": 3,
      "final_samples_per_pole": 180,
      "final_metrics": {
        "accuracy": 0.819444477558136,
        "pole_0_precision": 0.8227848100224324,
        "pole_0_recall": 0.9285714284387756,
        "pole_0_f1": 0.8724832163776408,
        "pole_1_precision": 0.802816901295378,
        "pole_1_recall": 0.8260869564020165,
        "pole_1_f1": 0.8142857091704083,
        "pole_2_precision": 0.8333333332070708,
        "pole_2_recall": 0.71428571419295,
        "pole_2_f1": 0.7692307641527704,
        "avg_f1": 0.8186665632336064
      },
      "pole_counts": {
        "negative": 360,
        "neutral": 360,
        "positive": 360
      }
    },
    {
      "dimension": "relational_attachment",
      "best_test_f1": 0.8149272560620595,
      "graduated": true,
      "total_iterations": 2,
      "final_samples_per_pole": 120,
      "final_metrics": {
        "accuracy": 0.7638888955116272,
        "pole_0_precision": 0.8857142854612244,
        "pole_0_recall": 0.7380952379195012,
        "pole_0_f1": 0.8051948000269861,
        "pole_1_precision": 0.7254901959361784,
        "pole_1_recall": 0.7551020406622241,
        "pole_1_f1": 0.739999994854,
        "pole_2_precision": 0.7241379309096314,
        "pole_2_recall": 0.7924528300391598,
        "pole_2_f1": 0.7567567516305495,
        "avg_f1": 0.7673171821705118
      },
      "pole_counts": {
        "negative": 240,
        "neutral": 240,
        "positive": 240
      }
    },
    {
      "dimension": "social_orientation",
      "best_test_f1": 0.8494953900489755,
      "graduated": true,
      "total_iterations": 1,
      "final_samples_per_pole": 60,
      "final_metrics": {
        "accuracy": 0.7916666865348816,
        "pole_0_precision": 0.8076923073816568,
        "pole_0_recall": 0.839999999664,
        "pole_0_f1": 0.8235294064436756,
        "pole_1_precision": 0.7037037034430726,
        "pole_1_recall": 0.9047619043310657,
        "pole_1_f1": 0.7916666614149306,
        "pole_2_precision": 0.894736841634349,
        "pole_2_recall": 0.6538461535946746,
        "pole_2_f1": 0.7555555503407407,
        "avg_f1": 0.7902505393997824
      },
      "pole_counts": {
        "negative": 120,
        "neutral": 120,
        "positive": 120
      }
    },
    {
      "dimension": "threat_perception",
      "best_test_f1": 0.7395464638428549,
      "graduated": true,
      "total_iterations": 2,
      "final_samples_per_pole": 120,
      "final_metrics": {
        "accuracy": 0.7291666865348816,
        "pole_0_precision": 0.6071428570344388,
        "pole_0_recall": 0.8292682924806662,
        "pole_0_f1": 0.7010309228100755,
        "pole_1_precision": 0.8913043476323251,
        "pole_1_recall": 0.6507936506903502,
        "pole_1_f1": 0.7522935729652388,
        "pole_2_precision": 0.7142857141156462,
        "pole_2_recall": 0.7499999998125,
        "pole_2_f1": 0.73170731189768,
        "avg_f1": 0.7283439358909981
      },
      "pole_counts": {
        "negative": 240,
        "neutral": 240,
        "positive": 240
      }
    },
    {
      "dimension": "affective_coherence",
      "best_test_f1": 0.7052154142212408,
      "graduated": true,
      "total_iterations": 1,
      "final_samples_per_pole": 60,
      "final_metrics": {
        "accuracy": 0.7083333134651184,
        "pole_0_precision": 0.7222222218209876,
        "pole_0_recall": 0.6190476187528344,
        "pole_0_f1": 0.6666666613543721,
        "pole_1_precision": 0.6562499997949218,
        "pole_1_recall": 0.8076923073816568,
        "pole_1_f1": 0.7241379258382877,
        "pole_2_precision": 0.772727272376033,
        "pole_2_recall": 0.679999999728,
        "pole_2_f1": 0.7234042500316885,
        "avg_f1": 0.7047362790747828
      },
      "pole_counts": {
        "negative": 120,
        "neutral": 120,
        "positive": 120
      }
    },
    {
      "dimension": "aspiration/social_mobility",