{
  "dimension": "relational_attachment",
  "best_test_f1": 0.8149272560620595,
  "graduated": true,
  "total_iterations": 2,
  "final_samples_per_pole": 120,
  "final_metrics": {
    "accuracy": 0.7638888955116272,
    "pole_0_precision": 0.8857142854612244,
    "pole_0_recall": 0.7380952379195012,
    "pole_0_f1": 0.8051948000269861,
    "pole_1_precision": 0.7254901959361784,
    "pole_1_recall": 0.7551020406622241,
    "pole_1_f1": 0.739999994854,
    "pole_2_precision": 0.7241379309096314,
    "pole_2_recall": 0.7924528300391598,
    "pole_2_f1": 0.7567567516305495,
    "avg_f1": 0.7673171821705118
  },
  "pole_counts": {
    "negative": 240,
    "neutral": 240,
    "positive": 240
  }
}