{
  "timestamp": "2025-12-02T20:25:17.145738",
  "model": "swiss-ai/Apertus-8B-2509",
  "n_generalist_probes": 1,
  "offset_strengths": [
    0.25,
    0.5,
    0.75,
    1.0
  ],
  "probes": {
    "AlignmentProcess_L1": {
      "concept": "AlignmentProcess",
      "layer": 1,
      "modes": {
        "baseline": {
          "training": {
            "train_acc": 0.9487179517745972,
            "val_acc": 0.699999988079071,
            "epochs": 11
          },
          "evaluation": {
            "avg_positive": 0.33330512046813965,
            "avg_sibling": 0.2823127806186676,
            "avg_distant": 1.5946419740231477e-09,
            "positive_sibling_gap": 0.050992339849472046,
            "positive_distant_gap": 0.3333051188734977
          }
        },
        "offset_0.25": {
          "training": {
            "train_acc": 0.8974359035491943,
            "val_acc": 1.0,
            "epochs": 11
          },
          "evaluation": {
            "avg_positive": 0.333294153213501,
            "avg_sibling": 0.3071121871471405,
            "avg_distant": 7.233900305436691e-07,
            "positive_sibling_gap": 0.026181966066360474,
            "positive_distant_gap": 0.33329342982347043
          }
        },
        "offset_0.5": {
          "training": {
            "train_acc": 0.9230769276618958,
            "val_acc": 0.8999999761581421,
            "epochs": 22
          },
          "evaluation": {
            "avg_positive": 0.333250492811203,
            "avg_sibling": 0.005240533500909805,
            "avg_distant": 6.3614695108848984e-12,
            "positive_sibling_gap": 0.3280099593102932,
            "positive_distant_gap": 0.33325049280484154
          }
        },
        "offset_0.75": {
          "training": {
            "train_acc": 0.9230769276618958,
            "val_acc": 0.8999999761581421,
            "epochs": 31
          },
          "evaluation": {
            "avg_positive": 0.333327978849411,
            "avg_sibling": 0.3110480010509491,
            "avg_distant": 4.601801995018917e-10,
            "positive_sibling_gap": 0.022279977798461914,
            "positive_distant_gap": 0.3333279783892308
          }
        },
        "offset_1.0": {
          "training": {
            "train_acc": 0.8974359035491943,
            "val_acc": 0.8999999761581421,
            "epochs": 11
          },
          "evaluation": {
            "avg_positive": 0.3333333432674408,
            "avg_sibling": 0.3153083622455597,
            "avg_distant": 2.8919051940461127e-13,
            "positive_sibling_gap": 0.018024981021881104,
            "positive_distant_gap": 0.3333333432671516
          }
        }
      }
    },
    "Agent_L1": {
      "concept": "Agent",
      "layer": 1,
      "modes": {
        "baseline": {
          "training": {
            "train_acc": 0.9210526347160339,
            "val_acc": 0.8999999761581421,
            "epochs": 15
          },
          "evaluation": {
            "avg_positive": 0.2982567548751831,
            "avg_sibling": 1.7754787506873981e-07,
            "avg_distant": 1.857243296399247e-05,
            "positive_sibling_gap": 0.29825657732730804,
            "positive_distant_gap": 0.2982381824422191
          }
        },
        "offset_0.25": {
          "training": {
            "train_acc": 0.9210526347160339,
            "val_acc": 0.800000011920929,
            "epochs": 13
          },
          "evaluation": {
            "avg_positive": 0.33333277702331543,
            "avg_sibling": 0.0012408602051436901,
            "avg_distant": 0.12621647119522095,
            "positive_sibling_gap": 0.33209191681817174,
            "positive_distant_gap": 0.20711630582809448
          }
        },
        "offset_0.5": {
          "training": {
            "train_acc": 0.8947368264198303,
            "val_acc": 1.0,
            "epochs": 56
          },
          "evaluation": {
            "avg_positive": 6.65294865029864e-05,
            "avg_sibling": 9.607168359460072e-12,
            "avg_distant": 2.2610472522055503e-11,
            "positive_sibling_gap": 6.652947689581804e-05,
            "positive_distant_gap": 6.652946389251388e-05
          }
        },
        "offset_0.75": {
          "training": {
            "train_acc": 0.9210526347160339,
            "val_acc": 0.8999999761581421,
            "epochs": 21
          },
          "evaluation": {
            "avg_positive": 0.012436277233064175,
            "avg_sibling": 1.3117827306439057e-14,
            "avg_distant": 1.995448073444095e-08,
            "positive_sibling_gap": 0.012436277233051057,
            "positive_distant_gap": 0.01243625727858344
          }
        },
        "offset_1.0": {
          "training": {
            "train_acc": 0.9210526347160339,
            "val_acc": 0.800000011920929,
            "epochs": 11
          },
          "evaluation": {
            "avg_positive": 0.322258323431015,
            "avg_sibling": 5.713956397812581e-06,
            "avg_distant": 7.501681830035523e-05,
            "positive_sibling_gap": 0.3222526094746172,
            "positive_distant_gap": 0.32218330661271466
          }
        }
      }
    },
    "Projectile_L2": {
      "concept": "Projectile",
      "layer": 2,
      "modes": {
        "baseline": {
          "training": {
            "train_acc": 0.9473684430122375,
            "val_acc": 1.0,
            "epochs": 12
          },
          "evaluation": {
            "avg_positive": 0.2647019326686859,
            "avg_sibling": 0.004441379569470882,
            "avg_distant": 0.0007625850848853588,
            "positive_sibling_gap": 0.26026055309921503,
            "positive_distant_gap": 0.26393934758380055
          }
        },
        "offset_0.25": {
          "training": {
            "train_acc": 0.9473684430122375,
            "val_acc": 0.800000011920929,
            "epochs": 11
          },
          "evaluation": {
            "avg_positive": 1.1732184547794456e-20,
            "avg_sibling": 6.407217464731752e-19,
            "avg_distant": 1.889924848563762e-12,
            "positive_sibling_gap": -6.289895619253808e-19,
            "positive_distant_gap": -1.8899248368315775e-12
          }
        },
        "offset_0.5": {
          "training": {
            "train_acc": 0.9473684430122375,
            "val_acc": 0.8999999761581421,
            "epochs": 84
          },
          "evaluation": {
            "avg_positive": 0.3332057297229767,
            "avg_sibling": 9.31362453826523e-09,
            "avg_distant": 1.3209162830207788e-07,
            "positive_sibling_gap": 0.33320572040935215,
            "positive_distant_gap": 0.3332055976313484
          }
        },
        "offset_0.75": {
          "training": {
            "train_acc": 0.9473684430122375,
            "val_acc": 1.0,
            "epochs": 14
          },
          "evaluation": {
            "avg_positive": 0.33010298013687134,
            "avg_sibling": 0.013241853564977646,
            "avg_distant": 0.00244504539296031,
            "positive_sibling_gap": 0.3168611265718937,
            "positive_distant_gap": 0.32765793474391103
          }
        },
        "offset_1.0": {
          "training": {
            "train_acc": 0.9473684430122375,
            "val_acc": 1.0,
            "epochs": 100
          },
          "evaluation": {
            "avg_positive": 0.3332480490207672,
            "avg_sibling": 3.2582582207396626e-05,
            "avg_distant": 3.718052994372556e-06,
            "positive_sibling_gap": 0.3332154664385598,
            "positive_distant_gap": 0.33324433096777284
          }
        }
      }
    },
    "AIAlignmentProcess_L2": {
      "concept": "AIAlignmentProcess",
      "layer": 2,
      "modes": {
        "baseline": {
          "training": {
            "train_acc": 0.875,
            "val_acc": 0.6000000238418579,
            "epochs": 12
          },