{
  "dimension": "relational_love",
  "best_test_f1": 0.8235981612571619,
  "graduated": true,
  "total_iterations": 3,
  "final_samples_per_pole": 180,
  "final_metrics": {
    "accuracy": 0.819444477558136,
    "pole_0_precision": 0.8227848100224324,
    "pole_0_recall": 0.9285714284387756,
    "pole_0_f1": 0.8724832163776408,
    "pole_1_precision": 0.802816901295378,
    "pole_1_recall": 0.8260869564020165,
    "pole_1_f1": 0.8142857091704083,
    "pole_2_precision": 0.8333333332070708,
    "pole_2_recall": 0.71428571419295,
    "pole_2_f1": 0.7692307641527704,
    "avg_f1": 0.8186665632336064
  },
  "pole_counts": {
    "negative": 360,
    "neutral": 360,
    "positive": 360
  }
}