{
  "total_tokens": 1000,
  "total_divergences": 5907,
  "all_divergences_stats": {
    "mean": 0.615557769075853,
    "median": 0.6150643229484558,
    "std": 0.1657179390004566,
    "min": 0.0019958638065538103,
    "max": 0.9852965474128723,
    "percentiles": {
      "10": 0.5022870248044154,
      "25": 0.5227150917053223,
      "50": 0.6150643229484558,
      "75": 0.7252560257911682,
      "90": 0.8193544149398804,
      "95": 0.8696188926696777,
      "99": 0.939338743686676
    }
  },
  "max_divergences_stats": {
    "mean": 0.7670115279923716,
    "median": 0.776663064956665,
    "std": 0.13116560777802352,
    "min": 0.0,
    "max": 0.9852965474128723,
    "percentiles": {
      "10": 0.5972064733505249,
      "25": 0.7033199071884155,
      "50": 0.776663064956665,
      "75": 0.8569783866405487,
      "90": 0.9000658392906189,
      "95": 0.9482813417911529,
      "99": 0.9682281017303467
    }
  },
  "current_thresholds": {
    "low": 0.3,
    "high": 0.6,
    "green_count": 6,
    "yellow_count": 114,
    "red_count": 880
  },
  "suggested_thresholds": {
    "low": 0.7074593305587769,
    "high": 0.8422925472259521,
    "green_count": 258,
    "yellow_count": 410,
    "red_count": 332
  },
  "top_concepts": [
    [
      "ContentBearingPhysical",
      188
    ],
    [
      "Relation",
      137
    ],
    [
      "Proposition",
      112
    ],
    [
      "Process",
      110
    ],
    [
      "Collection",
      97
    ],
    [
      "PhysicalSystem",
      78
    ],
    [
      "SetOrClass",
      72
    ],
    [
      "Object",
      62
    ],
    [
      "Abstract",
      59
    ],
    [
      "Entity",
      27
    ],
    [
      "Physical",
      19
    ],
    [
      "Quantity",
      13
    ],
    [
      "List",
      13
    ],
    [
      "Attribute",
      7
    ]
  ]
}