{
  "ScalarImplicature": {
    "status": "success",
    "train_f1": 0.8108108108108109,
    "test_f1": 0.7058823529411765,
    "holdout_accuracy": 0.5,
    "n_holdout": 8
  },
  "ConversationalImplicature": {
    "status": "success",
    "train_f1": 0.9846153846153847,
    "test_f1": 0.7,
    "holdout_accuracy": 0.75,
    "n_holdout": 8
  },
  "IndirectRefusal": {
    "status": "success",
    "train_f1": 0.9310344827586207,
    "test_f1": 0.6666666666666666,
    "holdout_accuracy": 0.5,
    "n_holdout": 8
  },
  "SarcasmMarker": {
    "status": "success",
    "train_f1": 0.7169811320754716,
    "test_f1": 0.6666666666666666,
    "holdout_accuracy": 0.375,
    "n_holdout": 8
  }
}