{
  "config": {
    "n_concepts": 10,
    "model": "google/gemma-3-4b-pt",
    "device": "cuda",
    "layer_idx": -1,
    "hidden_dim": 2560
  },
  "latency": {
    "mean_ms": 0.5439909495180473,
    "std_ms": 0.06455508261804813,
    "min_ms": 0.5183820030651987,
    "max_ms": 1.0918779880739748,
    "p50_ms": 0.5342770018614829,
    "p95_ms": 0.558578540221788,
    "p99_ms": 0.8624702488305059
  },
  "memory": {
    "gpu_allocated_gb": 16.064685344696045,
    "gpu_reserved_gb": 16.103515625,
    "cpu_rss_gb": 1.71234130859375,
    "n_classifiers": 10
  },
  "confidence_distributions": {
    "person": {
      "mean": 0.9985962510108948,
      "std": 0.0017700169701129198,
      "min": 0.9944175481796265,
      "max": 0.9999973773956299,
      "median": 0.9993295669555664,
      "p25": 0.9976602792739868,
      "p75": 0.9998652935028076,
      "n_prompts": 13,
      "confidences": [
        0.9956057667732239,
        0.9999973773956299,
        0.9944175481796265,
        0.9997527003288269,
        0.9999600648880005,
        0.9976602792739868,
        0.997096061706543,
        0.9998652935028076,
        0.9990320205688477,
        0.999813973903656,
        0.9993289709091187,
        0.999891996383667,
        0.9993295669555664
      ]
    },
    "change": {
      "mean": 0.911657989025116,
      "std": 0.1286976933479309,
      "min": 0.6823406219482422,
      "max": 0.9999170303344727,
      "median": 0.9795809984207153,
      "p25": 0.899387538433075,
      "p75": 0.991165280342102,
      "n_prompts": 8,
      "confidences": [
        0.9882484674453735,
        0.9999158382415771,
        0.696744978427887,
        0.6823406219482422,
        0.9999170303344727,
        0.9807804226875305,
        0.9783815145492554,
        0.9669350385665894
      ]
    },
    "bird genus": {
      "mean": 0.9996088743209839,
      "std": 0.0003783460706472397,
      "min": 0.9990441203117371,
      "max": 0.9999994039535522,
      "median": 0.9996886849403381,
      "p25": 0.9992193579673767,
      "p75": 0.9999978542327881,
      "n_prompts": 10,
      "confidences": [
        0.9992027878761292,
        0.9999994039535522,
        0.9992033839225769,
        0.9995359182357788,
        0.9999973773956299,
        0.9999979734420776,
        0.9998414516448975,
        0.9999990463256836,
        0.9990441203117371,
        0.9992672801017761
      ]
    },
    "mammal genus": {
      "mean": 0.999978244304657,
      "std": 5.2625429816544056e-05,
      "min": 0.9998214840888977,
      "max": 0.9999998807907104,
      "median": 0.9999986886978149,
      "p25": 0.9999909400939941,
      "p75": 0.9999995231628418,
      "n_prompts": 10,
      "confidences": [
        0.9999982118606567,
        0.9999997615814209,
        0.9999991655349731,
        0.9999991655349731,
        0.9999890327453613,
        0.9999996423721313,
        0.9999966621398926,
        0.9999796152114868,
        0.9998214840888977,
        0.9999998807907104
      ]
    },
    "herb": {
      "mean": 0.984409511089325,
      "std": 0.022898180410265923,
      "min": 0.9363899230957031,
      "max": 0.9999971389770508,
      "median": 0.996453046798706,
      "p25": 0.9864367246627808,
      "p75": 0.9989597201347351,
      "n_prompts": 10,
      "confidences": [
        0.9998384714126587,
        0.9999971389770508,
        0.9852564930915833,
        0.999427318572998,
        0.9960934519767761,
        0.9427453875541687,
        0.9899773597717285,
        0.9363899230957031,
        0.996812641620636,
        0.9975569248199463
      ]
    },
    "asterid dicot genus": {
      "mean": 0.9999920725822449,
      "std": 1.1372872904757969e-05,
      "min": 0.9999631643295288,
      "max": 0.9999997615814209,
      "median": 0.999996542930603,
      "p25": 0.9999949932098389,
      "p75": 0.9999989867210388,
      "n_prompts": 10,
      "confidences": [
        0.9999994039535522,
        0.9999997615814209,
        0.9999779462814331,
        0.9999949932098389,
        0.9999959468841553,
        0.9999977350234985,
        0.9999631643295288,
        0.9999995231628418,
        0.9999971389770508,
        0.9999949932098389
      ]
    },
    "shrub": {
      "mean": 0.9814587831497192,
      "std": 0.024885499849915504,
      "min": 0.9304611682891846,
      "max": 0.9999998807907104,
      "median": 0.9960291385650635,
      "p25": 0.9613192081451416,
      "p75": 0.9999756217002869,
      "n_prompts": 10,
      "confidences": [
        0.9996907711029053,
        0.9999949932098389,
        0.9517349600791931,
        0.9999998807907104,
        0.9999386072158813,
        0.9999879598617554,
        0.9524328112602234,
        0.9923675656318665,
        0.987978458404541,
        0.9304611682891846
      ]
    },
    "rosid dicot genus": {
      "mean": 0.9999947547912598,
      "std": 1.0227086931990925e-05,
      "min": 0.9999656677246094,
      "max": 1.0,
      "median": 0.9999991059303284,
      "p25": 0.9999976754188538,
      "p75": 0.9999997615814209,
      "n_prompts": 10,
      "confidences": [
        0.9999972581863403,
        1.0,
        0.9999656677246094,
        0.999998927116394,
        0.9999996423721313,
        0.9999997615814209,
        0.9999992847442627,
        0.999998927116394,
        0.9999998807907104,
        0.9999887943267822
      ]
    },
    "fish genus": {
      "mean": 0.9999197125434875,
      "std": 0.00011384987737983465,
      "min": 0.9996523857116699,
      "max": 0.9999998807907104,
      "median": 0.9999937415122986,
      "p25": 0.9998836517333984,
      "p75": 0.9999992847442627,
      "n_prompts": 10,
      "confidences": [
        0.9999918937683105,
        0.9999998807907104,
        0.9996523857116699,
        0.9999998807907104,
        0.9999998807907104,
        0.9997791647911072,
        0.9999955892562866,
        0.999997615814209,
        0.9998769760131836,
        0.999903678894043
      ]
    },
    "animal order": {
      "mean": 0.9015752077102661,
      "std": 0.2731296718120575,
      "min": 0.08255477249622345,
      "max": 0.9998359680175781,
      "median": 0.9957530498504639,
      "p25": 0.9813122153282166,
      "p75": 0.9979193210601807,
      "n_prompts": 10,
      "confidences": [
        0.08255477249622345,
        0.9947918057441711,
        0.9763770699501038,
        0.9994775652885437,
        0.9998359680175781,
        0.9972134232521057,
        0.9967143535614014,
        0.9981545805931091,
        0.9773083329200745,
        0.9933238625526428
      ]
    }
  },
  "detection_timing": [
    {
      "concept": "person",
      "prompt": "Tell me about person.",
      "generated_text": "\n\n[User 0001]\n\nI am a 20 year old male. I have been diagnosed with depression and anxiety. I",
      "detection_scores": [
        0.9999829530715942,
        0.99994957447052,
        0.9981456995010376,
        0.9926111102104187,
        0.9993844032287598,
        0.997465968132019,
        0.9755581617355347,
        0.7904892563819885,
        0.7545893788337708,
        0.9011440873146057,
        0.9995588660240173,
        0.9998212456703186,
        0.9993411898612976,
        0.9985378980636597,
        0.9754102230072021,
        0.9881067276000977,
        0.9834930896759033,
        0.9974944591522217,
        0.9951789379119873,
        0.9992714524269104,
        0.9994557499885559,
        0.9998395442962646,
        0.9953851103782654,
        0.9972746968269348,
        0.9890499114990234,
        0.9772048592567444,
        0.9948422312736511,
        0.9829872846603394,
        0.9863530397415161,
        0.9987517595291138
      ],
      "mean_score": 0.9755559623241424,
      "max_score": 0.9999829530715942,
      "max_score_position": 0,
      "n_tokens": 30
    },
    {
      "concept": "change",
      "prompt": "Tell me about change.",