{
  "dimension": "temporal_affective_valence",
  "best_test_f1": 0.7811481739802386,
  "graduated": true,
  "total_iterations": 1,
  "final_samples_per_pole": 60,
  "final_metrics": {
    "accuracy": 0.6666666865348816,
    "pole_0_precision": 0.8499999995749999,
    "pole_0_recall": 0.7083333330381945,
    "pole_0_f1": 0.7727272674173553,
    "pole_1_precision": 0.7333333328444444,
    "pole_1_recall": 0.40740740725651575,
    "pole_1_f1": 0.523809518968254,
    "pole_2_precision": 0.5405405403944485,
    "pole_2_recall": 0.9523809519274377,
    "pole_2_f1": 0.6896551675564804,
    "avg_f1": 0.6620639846473632
  },
  "pole_counts": {
    "negative": 120,
    "neutral": 120,
    "positive": 120
  }
}