{
  "dimension": "taste_development",
  "best_test_f1": 0.8525624410163708,
  "graduated": true,
  "total_iterations": 2,
  "final_samples_per_pole": 120,
  "final_metrics": {
    "accuracy": 0.7986111044883728,
    "pole_0_precision": 0.879999999824,
    "pole_0_recall": 0.7457627117380063,
    "pole_0_f1": 0.8073394444272368,
    "pole_1_precision": 0.7551020406622241,
    "pole_1_recall": 0.8222222220395061,
    "pole_1_f1": 0.7872340373947488,
    "pole_2_precision": 0.7555555553876543,
    "pole_2_recall": 0.8499999997875,
    "pole_2_f1": 0.7999999948290658,
    "avg_f1": 0.7981911588836837
  },
  "pole_counts": {
    "negative": 240,
    "neutral": 240,
    "positive": 240
  }
}