{
  "dimension": "social_orientation",
  "best_test_f1": 0.8494953900489755,
  "graduated": true,
  "total_iterations": 1,
  "final_samples_per_pole": 60,
  "final_metrics": {
    "accuracy": 0.7916666865348816,
    "pole_0_precision": 0.8076923073816568,
    "pole_0_recall": 0.839999999664,
    "pole_0_f1": 0.8235294064436756,
    "pole_1_precision": 0.7037037034430726,
    "pole_1_recall": 0.9047619043310657,
    "pole_1_f1": 0.7916666614149306,
    "pole_2_precision": 0.894736841634349,
    "pole_2_recall": 0.6538461535946746,
    "pole_2_f1": 0.7555555503407407,
    "avg_f1": 0.7902505393997824
  },
  "pole_counts": {
    "negative": 120,
    "neutral": 120,
    "positive": 120
  }
}