{
  "dimension": "social_evaluation",
  "best_test_f1": 0.8131897498214147,
  "graduated": true,
  "total_iterations": 2,
  "final_samples_per_pole": 120,
  "final_metrics": {
    "accuracy": 0.7708333134651184,
    "pole_0_precision": 0.7755102039233652,
    "pole_0_recall": 0.8636363634400827,
    "pole_0_f1": 0.8172042959139785,
    "pole_1_precision": 0.7647058822029988,
    "pole_1_recall": 0.7090909089619835,
    "pole_1_f1": 0.7358490514720541,
    "pole_2_precision": 0.7727272725516529,
    "pole_2_recall": 0.7555555553876543,
    "pole_2_f1": 0.7640449386491605,
    "avg_f1": 0.7723660953450643
  },
  "pole_counts": {
    "negative": 240,
    "neutral": 240,
    "positive": 240
  }
}