{
  "dimension": "affective_coherence",
  "best_test_f1": 0.7052154142212408,
  "graduated": true,
  "total_iterations": 1,
  "final_samples_per_pole": 60,
  "final_metrics": {
    "accuracy": 0.7083333134651184,
    "pole_0_precision": 0.7222222218209876,
    "pole_0_recall": 0.6190476187528344,
    "pole_0_f1": 0.6666666613543721,
    "pole_1_precision": 0.6562499997949218,
    "pole_1_recall": 0.8076923073816568,
    "pole_1_f1": 0.7241379258382877,
    "pole_2_precision": 0.772727272376033,
    "pole_2_recall": 0.679999999728,
    "pole_2_f1": 0.7234042500316885,
    "avg_f1": 0.7047362790747828
  },
  "pole_counts": {
    "negative": 120,
    "neutral": 120,
    "positive": 120
  }
}